ScreenID,Country,Region,Organization,ScreenDate,AgeMonths,Gender,MUAC_cm,WeightKg,HeightCm,Oedema,NutritionStatus,Referred
SCR-00001,Mali,Gao,WFP,2023-02-14,33,M,9.8,6.84,75.7,No,SAM,Yes
SCR-00002,Burkina Faso,Cascades,UNICEF,2024-03-27,17,F,11.7,9.77,62.8,No,MAM,Yes
SCR-00003,Chad,Borkou,UNICEF,2023-03-01,51,F,12.9,10.85,79.7,No,Normal,No
SCR-00004,Chad,Kanem,UNICEF,2023-10-15,51,M,9.7,4.19,61.5,No,SAM,Yes
SCR-00005,Burkina Faso,Cascades,SPONG,2023-04-16,45,F,16.6,4.95,91.6,No,Normal,No
SCR-00006,Chad,Kanem,MSF,2024-03-03,29,F,11.4,6.93,51.9,No,SAM,Yes
SCR-00007,Chad,Ouaddai,ACF,2024-04-29,33,M,10.2,8.54,86.4,No,SAM,No
SCR-00008,Mali,Tombouctou,ACF,2023-10-16,21,M,12.3,2.82,85.7,No,MAM,No
SCR-00009,Burkina Faso,Nord,ACF,2023-11-09,28,F,13.2,6.34,77.5,No,Normal,No
SCR-00010,Niger,Diffa,ACF,2023-10-18,24,F,10.5,12.78,92.0,No,SAM,Yes
SCR-00011,Burkina Faso,Est,IRC,2023-10-17,19,F,12.6,8.83,64.1,No,Normal,No
SCR-00012,Niger,Agadez,ACF,2024-09-30,32,M,13.4,8.94,79.3,No,Normal,No
SCR-00013,Mali,Segou,MSF,2024-10-14,17,F,13.6,5.74,58.1,Yes,SAM,No
SCR-00014,Chad,N'Djamena,MSF,2023-03-13,47,F,15.2,11.69,78.8,No,Normal,No
SCR-00015,Burkina Faso,Sahel,UNICEF,2023-04-16,15,M,12.4,7.9,75.2,No,MAM,Yes
SCR-00016,Mali,Bamako,IRC,2024-07-04,31,F,14.9,9.19,73.0,No,Normal,No
SCR-00017,Mali,Mopti,UNICEF,2024-09-10,52,F,14.4,8.53,68.3,No,Normal,No
SCR-00018,Mali,Tombouctou,SPONG,2024-03-24,10,F,12.5,5.95,96.9,No,Normal,No
SCR-00019,Chad,Borkou,SPONG,2023-08-31,52,M,10.6,9.47,71.0,No,SAM,Yes
SCR-00020,Burkina Faso,Sahel,ACF,2024-04-17,50,F,16.8,5.01,84.2,No,Normal,No
SCR-00021,Burkina Faso,Sahel,UNICEF,2024-08-10,8,M,11.0,9.08,87.9,No,SAM,Yes
SCR-00022,Chad,Borkou,ACF,2024-02-11,42,M,11.6,9.74,76.3,No,MAM,Yes
SCR-00023,Niger,Agadez,UNICEF,2024-03-24,16,M,9.0,8.96,73.6,No,SAM,No
SCR-00024,Niger,Zinder,ACF,2023-11-26,10,M,12.9,7.17,59.3,No,Normal,No
SCR-00025,Burkina Faso,Nord,UNICEF,2024-09-18,57,F,14.9,13.22,70.7,No,Normal,No
SCR-00026,Mali,Tombouctou,SPONG,2023-04-19,25,F,15.7,12.37,76.5,No,Normal,No
SCR-00027,Niger,Agadez,SPONG,2023-01-29,15,F,12.9,8.91,71.0,No,Normal,No
SCR-00028,Burkina Faso,Est,MSF,2023-08-24,32,F,13.6,8.95,55.4,No,Normal,No
SCR-00029,Niger,Niamey,UNICEF,2023-02-14,10,F,12.3,5.77,77.9,No,MAM,Yes
SCR-00030,Chad,Kanem,UNICEF,2024-05-02,10,M,11.4,12.78,59.5,No,SAM,Yes
SCR-00031,Burkina Faso,Est,UNICEF,2024-06-10,8,F,13.1,6.46,95.6,No,Normal,No
SCR-00032,Niger,Diffa,ACF,2024-02-16,39,M,14.3,4.47,79.9,No,Normal,No
SCR-00033,Chad,Borkou,MSF,2023-08-29,31,M,10.7,10.06,86.5,No,SAM,Yes
SCR-00034,Mali,Mopti,WFP,2024-08-25,31,F,13.2,5.26,67.8,No,Normal,No
SCR-00035,Mali,Mopti,WFP,2023-08-14,30,F,7.5,7.09,82.3,No,SAM,Yes
SCR-00036,Niger,Agadez,UNICEF,2024-08-04,20,F,12.3,8.37,72.8,No,MAM,Yes
SCR-00037,Chad,Lac,ACF,2023-08-15,24,M,11.5,6.98,58.5,No,MAM,No
SCR-00038,Niger,Niamey,SPONG,2023-12-13,40,M,14.3,7.07,82.1,No,Normal,No
SCR-00039,Mali,Tombouctou,ACF,2023-08-17,38,M,14.4,7.04,82.4,No,Normal,No
SCR-00040,Niger,Diffa,UNICEF,2023-12-31,10,M,11.6,7.8,87.2,No,MAM,Yes
SCR-00041,Niger,Maradi,SPONG,2024-05-01,20,M,12.4,6.33,86.4,Yes,SAM,No
SCR-00042,Burkina Faso,Centre,UNICEF,2023-12-29,34,M,10.7,7.98,83.9,No,SAM,Yes
SCR-00043,Niger,Zinder,WFP,2023-07-25,45,F,15.5,5.57,59.0,No,Normal,No
SCR-00044,Mali,Mopti,WFP,2024-03-01,45,F,12.9,9.03,90.3,No,Normal,No
SCR-00045,Mali,Bamako,ACF,2023-09-07,21,F,10.7,5.04,90.8,No,SAM,Yes
SCR-00046,Niger,Diffa,UNICEF,2023-03-28,52,F,12.2,10.4,68.1,No,MAM,Yes
SCR-00047,Burkina Faso,Cascades,IRC,2024-09-22,47,M,13.1,8.29,92.9,No,Normal,No
SCR-00048,Chad,Kanem,MSF,2023-05-15,49,F,11.0,12.12,81.2,No,SAM,No
SCR-00049,Mali,Segou,IRC,2023-05-25,7,M,16.1,6.6,74.8,No,Normal,No
SCR-00050,Mali,Bamako,MSF,2024-07-10,24,M,11.4,11.69,66.5,No,SAM,Yes
SCR-00051,Mali,Tombouctou,MSF,2024-01-15,10,F,11.9,9.51,67.0,No,MAM,Yes
SCR-00052,Niger,Niamey,ACF,2024-07-07,9,F,11.2,13.81,75.4,No,SAM,Yes
SCR-00053,Burkina Faso,Est,SPONG,2024-05-07,14,M,15.5,5.33,80.9,No,Normal,No
SCR-00054,Burkina Faso,Sahel,UNICEF,2024-11-21,21,M,14.1,6.87,79.4,No,Normal,No
SCR-00055,Burkina Faso,Cascades,UNICEF,2023-11-10,25,M,14.5,11.11,80.6,No,Normal,No
SCR-00056,Mali,Gao,SPONG,2023-05-14,47,F,13.5,6.74,102.6,No,Normal,No
SCR-00057,Mali,Segou,IRC,2024-07-18,13,F,9.8,6.4,95.3,No,SAM,Yes
SCR-00058,Niger,Maradi,IRC,2024-05-15,58,F,13.4,6.33,67.8,No,Normal,No
SCR-00059,Burkina Faso,Est,ACF,2024-11-01,13,M,14.9,10.67,97.8,No,Normal,No
SCR-00060,Burkina Faso,Nord,SPONG,2023-12-24,43,M,16.7,10.63,74.9,No,Normal,No
SCR-00061,Niger,Diffa,UNICEF,2023-07-12,56,F,13.1,11.06,83.2,No,Normal,No
SCR-00062,Burkina Faso,Sahel,WFP,2023-09-04,30,M,14.5,9.44,88.0,No,Normal,No
SCR-00063,Chad,N'Djamena,MSF,2024-05-07,39,F,12.0,6.33,62.4,No,MAM,Yes
SCR-00064,Niger,Agadez,ACF,2023-01-13,49,F,14.0,9.91,101.7,No,Normal,No
SCR-00065,Burkina Faso,Est,IRC,2023-11-02,51,F,12.2,7.22,89.7,No,MAM,Yes
SCR-00066,Niger,Zinder,UNICEF,2024-09-19,40,M,12.2,6.6,72.8,No,MAM,Yes
SCR-00067,Burkina Faso,Cascades,MSF,2023-04-10,29,F,14.9,4.76,67.7,No,Normal,No
SCR-00068,Niger,Diffa,WFP,2023-02-09,38,F,12.1,9.65,65.4,No,MAM,Yes
SCR-00069,Mali,Segou,WFP,2023-09-05,18,M,13.0,7.62,68.6,No,Normal,No
SCR-00070,Niger,Agadez,UNICEF,2024-09-17,36,F,15.6,10.49,85.5,No,Normal,No
SCR-00071,Niger,Maradi,WFP,2024-07-10,9,F,15.2,10.79,96.1,No,Normal,No
SCR-00072,Burkina Faso,Cascades,ACF,2023-06-13,58,F,11.2,9.76,101.3,No,SAM,Yes
SCR-00073,Burkina Faso,Sahel,SPONG,2023-04-28,36,F,8.8,6.22,70.4,No,SAM,No
SCR-00074,Chad,Kanem,IRC,2024-07-01,15,M,18.3,8.83,65.4,No,Normal,No
SCR-00075,Niger,Niamey,SPONG,2024-08-11,56,M,9.6,5.43,69.8,No,SAM,No
SCR-00076,Burkina Faso,Est,WFP,2023-03-06,42,F,13.8,6.96,84.5,Yes,SAM,Yes
SCR-00077,Burkina Faso,Cascades,MSF,2024-07-08,27,F,11.9,8.26,71.6,No,MAM,Yes
SCR-00078,Mali,Segou,IRC,2024-04-01,33,M,16.4,5.23,61.2,No,Normal,No
SCR-00079,Chad,N'Djamena,IRC,2024-09-23,50,M,12.1,8.61,75.7,No,MAM,Yes
SCR-00080,Niger,Zinder,SPONG,2024-06-06,20,M,12.5,11.55,68.1,Yes,SAM,No
SCR-00081,Chad,Borkou,WFP,2024-01-28,54,M,13.8,7.35,65.0,No,Normal,No
SCR-00082,Chad,N'Djamena,IRC,2023-05-08,28,M,12.9,13.53,83.7,No,Normal,No
SCR-00083,Niger,Maradi,MSF,2024-06-04,55,F,11.1,10.01,85.5,No,SAM,Yes
SCR-00084,Burkina Faso,Sahel,MSF,2023-11-21,52,F,9.7,8.13,70.4,No,SAM,No
SCR-00085,Niger,Agadez,ACF,2023-01-22,7,M,10.6,6.08,95.0,No,SAM,No
SCR-00086,Chad,N'Djamena,WFP,2024-05-01,30,M,12.9,4.04,69.0,No,Normal,No
SCR-00087,Mali,Mopti,ACF,2024-06-01,22,F,16.3,8.07,80.3,Yes,SAM,No
SCR-00088,Chad,Lac,WFP,2024-07-01,19,F,14.0,8.16,78.3,No,Normal,No
SCR-00089,Niger,Maradi,MSF,2023-08-29,46,F,13.6,6.49,70.4,No,Normal,No
SCR-00090,Mali,Bamako,UNICEF,2023-02-15,47,M,12.2,11.96,53.3,No,MAM,No
SCR-00091,Chad,Lac,SPONG,2024-11-21,32,F,15.1,6.09,86.0,No,Normal,No
SCR-00092,Niger,Diffa,IRC,2023-11-16,56,F,14.6,8.19,75.3,No,Normal,No
SCR-00093,Chad,Lac,UNICEF,2024-01-15,16,M,13.5,10.26,83.0,No,Normal,No
SCR-00094,Chad,N'Djamena,SPONG,2023-07-14,24,F,12.8,7.64,85.2,No,Normal,No
SCR-00095,Chad,Ouaddai,UNICEF,2024-06-12,51,F,10.3,7.14,63.7,No,SAM,Yes
SCR-00096,Chad,Kanem,MSF,2024-04-06,32,F,12.5,4.97,78.3,No,Normal,No
SCR-00097,Chad,Kanem,IRC,2024-04-01,28,F,11.0,3.74,77.3,No,SAM,Yes
SCR-00098,Chad,N'Djamena,WFP,2024-06-01,24,M,13.6,9.27,30.5,No,Normal,No
SCR-00099,Chad,Lac,MSF,2023-09-12,19,M,12.2,6.17,82.7,No,MAM,Yes
SCR-00100,Chad,N'Djamena,MSF,2024-09-29,53,F,9.7,8.06,72.8,No,SAM,Yes
SCR-00101,Niger,Maradi,IRC,2024-04-03,9,M,10.0,10.49,77.5,No,SAM,Yes
SCR-00102,Chad,Kanem,MSF,2024-01-28,49,F,10.6,9.07,45.4,Yes,SAM,No
SCR-00103,Mali,Segou,ACF,2023-05-12,14,F,10.4,8.61,82.5,No,SAM,Yes
SCR-00104,Mali,Segou,WFP,2024-10-02,57,M,12.5,4.65,61.4,No,Normal,No
SCR-00105,Chad,Lac,WFP,2023-10-29,40,F,15.8,7.23,55.0,No,Normal,No
SCR-00106,Mali,Segou,WFP,2024-07-16,22,M,11.2,8.08,75.3,No,SAM,No
SCR-00107,Mali,Tombouctou,ACF,2024-06-01,6,F,13.6,6.86,71.2,No,Normal,No
SCR-00108,Mali,Gao,SPONG,2023-02-09,14,F,14.7,8.45,79.7,No,Normal,No
SCR-00109,Mali,Mopti,IRC,2023-11-03,48,M,14.2,5.2,104.1,No,Normal,No
SCR-00110,Chad,Ouaddai,SPONG,2024-08-21,15,F,14.7,6.79,88.8,No,Normal,No
SCR-00111,Burkina Faso,Cascades,UNICEF,2024-03-24,27,M,12.4,7.1,80.0,No,MAM,Yes
SCR-00112,Mali,Tombouctou,MSF,2023-09-19,38,F,14.0,6.06,74.9,No,Normal,No
SCR-00113,Mali,Mopti,UNICEF,2024-01-28,34,M,10.6,7.47,77.1,No,SAM,Yes
SCR-00114,Chad,N'Djamena,UNICEF,2023-04-16,51,M,14.0,7.52,88.2,No,Normal,No
SCR-00115,Burkina Faso,Est,IRC,2024-10-27,9,M,14.9,7.77,93.5,No,Normal,No
SCR-00116,Burkina Faso,Nord,WFP,2024-01-13,50,M,11.9,9.32,55.9,No,MAM,No
SCR-00117,Chad,Lac,MSF,2024-08-19,31,M,14.4,13.37,98.5,Yes,SAM,Yes
SCR-00118,Mali,Tombouctou,UNICEF,2024-08-24,31,M,15.8,7.77,76.6,No,Normal,No
SCR-00119,Niger,Zinder,ACF,2024-09-06,46,F,12.7,0.71,94.5,No,Normal,No
SCR-00120,Niger,Maradi,UNICEF,2024-04-25,17,F,10.3,13.62,88.5,No,SAM,No
SCR-00121,Niger,Diffa,MSF,2023-08-08,16,F,15.0,5.54,74.0,No,Normal,No
SCR-00122,Chad,Kanem,SPONG,2024-10-10,56,F,12.0,6.85,72.4,No,MAM,No
SCR-00123,Burkina Faso,Sahel,UNICEF,2023-01-13,56,M,15.3,11.22,96.0,No,Normal,No
SCR-00124,Chad,Borkou,MSF,2024-05-12,37,F,14.8,7.94,63.1,No,Normal,No
SCR-00125,Niger,Maradi,IRC,2024-07-20,29,M,11.9,9.49,67.3,No,MAM,No
SCR-00126,Burkina Faso,Sahel,WFP,2024-12-19,37,M,11.7,13.13,81.4,No,MAM,No
SCR-00127,Mali,Tombouctou,MSF,2023-08-30,47,M,10.5,8.95,82.0,No,SAM,Yes
SCR-00128,Niger,Agadez,IRC,2023-02-19,33,M,7.7,7.86,87.7,No,SAM,Yes
SCR-00129,Burkina Faso,Nord,UNICEF,2023-07-08,26,M,14.7,9.79,92.7,No,Normal,No
SCR-00130,Mali,Gao,MSF,2023-04-29,26,F,12.9,10.67,89.5,No,Normal,No
SCR-00131,Burkina Faso,Cascades,WFP,2023-07-11,35,M,14.9,13.26,86.6,No,Normal,No
SCR-00132,Chad,Lac,IRC,2024-11-24,42,M,12.4,6.68,68.2,No,MAM,No
SCR-00133,Burkina Faso,Cascades,WFP,2024-10-22,29,F,12.8,4.58,71.0,No,Normal,No
SCR-00134,Mali,Bamako,MSF,2023-06-05,31,M,11.9,9.1,75.2,No,MAM,Yes
SCR-00135,Niger,Maradi,ACF,2023-03-16,6,M,7.7,9.94,88.8,No,SAM,Yes
SCR-00136,Niger,Niamey,SPONG,2023-04-28,54,F,15.5,8.93,72.6,No,Normal,No
SCR-00137,Mali,Gao,ACF,2023-11-06,28,M,14.0,10.43,58.3,No,Normal,No
SCR-00138,Burkina Faso,Sahel,SPONG,2024-02-22,53,F,13.8,9.43,62.6,No,Normal,No
SCR-00139,Burkina Faso,Centre,IRC,2023-01-22,15,F,9.5,13.03,71.5,No,SAM,Yes
SCR-00140,Mali,Tombouctou,UNICEF,2023-11-10,51,F,10.8,9.78,92.4,No,SAM,Yes
SCR-00141,Chad,N'Djamena,ACF,2024-08-31,13,F,12.6,7.99,79.6,Yes,SAM,No
SCR-00142,Mali,Gao,UNICEF,2024-03-11,59,F,15.1,7.13,95.1,No,Normal,No
SCR-00143,Burkina Faso,Sahel,MSF,2024-12-28,42,M,11.3,11.17,81.7,Yes,SAM,No
SCR-00144,Niger,Niamey,IRC,2023-05-22,46,M,11.2,4.4,79.9,No,SAM,No
SCR-00145,Niger,Diffa,SPONG,2024-01-11,58,M,9.6,8.07,92.0,No,SAM,Yes
SCR-00146,Burkina Faso,Est,SPONG,2024-10-09,53,F,14.6,11.67,83.0,No,Normal,No
SCR-00147,Mali,Bamako,WFP,2023-08-11,33,F,13.3,9.31,52.6,No,Normal,No
SCR-00148,Burkina Faso,Sahel,SPONG,2024-09-15,14,F,11.2,8.17,68.6,No,SAM,Yes
SCR-00149,Chad,N'Djamena,UNICEF,2024-09-15,20,M,13.0,5.37,54.5,No,Normal,No
SCR-00150,Mali,Tombouctou,WFP,2024-04-21,22,F,16.9,6.14,67.2,No,Normal,No
SCR-00151,Burkina Faso,Cascades,IRC,2023-04-02,30,M,13.9,6.62,65.1,No,Normal,No
SCR-00152,Burkina Faso,Est,ACF,2023-10-29,50,M,13.4,6.7,83.0,No,Normal,No
SCR-00153,Chad,Borkou,UNICEF,2023-06-12,13,F,12.5,9.22,59.1,No,Normal,No
SCR-00154,Mali,Gao,MSF,2024-10-10,11,M,15.3,9.17,91.7,No,Normal,No
SCR-00155,Mali,Mopti,SPONG,2023-06-11,37,F,10.2,13.48,77.6,No,SAM,Yes
SCR-00156,Chad,Lac,SPONG,2023-06-14,39,M,15.6,8.16,91.0,No,Normal,No
SCR-00157,Mali,Gao,UNICEF,2023-01-21,56,F,15.5,3.79,103.1,No,Normal,No
SCR-00158,Burkina Faso,Est,MSF,2024-02-22,36,F,12.7,9.69,95.4,No,Normal,No
SCR-00159,Mali,Gao,IRC,2024-11-21,52,F,11.7,6.46,65.2,No,MAM,No
SCR-00160,Niger,Zinder,SPONG,2023-09-12,26,M,15.6,5.62,72.5,No,Normal,No
SCR-00161,Mali,Bamako,MSF,2023-12-29,19,M,10.9,6.82,82.5,No,SAM,Yes
SCR-00162,Chad,Lac,IRC,2023-10-24,9,F,12.3,9.99,94.0,No,MAM,Yes
SCR-00163,Chad,Borkou,ACF,2023-01-24,14,F,16.6,10.82,82.9,No,Normal,No
SCR-00164,Burkina Faso,Nord,WFP,2023-04-20,51,M,16.4,7.94,66.0,No,Normal,No
SCR-00165,Mali,Bamako,SPONG,2024-06-04,20,F,16.8,10.48,92.7,No,Normal,No
SCR-00166,Burkina Faso,Cascades,UNICEF,2023-12-16,17,M,13.1,10.48,89.8,No,Normal,No
SCR-00167,Chad,Ouaddai,SPONG,2024-04-09,36,F,13.9,7.53,89.3,Yes,SAM,Yes
SCR-00168,Chad,Ouaddai,IRC,2023-12-15,52,F,10.9,7.93,101.5,No,SAM,Yes
SCR-00169,Niger,Diffa,UNICEF,2023-03-31,56,F,15.4,9.98,52.8,No,Normal,No
SCR-00170,Chad,N'Djamena,MSF,2024-03-01,23,F,14.1,8.59,78.1,No,Normal,No
SCR-00171,Mali,Bamako,WFP,2023-09-09,43,F,12.4,9.9,99.0,No,MAM,Yes
SCR-00172,Niger,Agadez,IRC,2023-08-22,18,F,16.1,5.8,74.0,Yes,SAM,No
SCR-00173,Burkina Faso,Centre,UNICEF,2023-10-15,10,F,13.1,10.51,97.3,No,Normal,No
SCR-00174,Niger,Agadez,IRC,2023-09-02,8,M,13.2,5.96,95.6,No,Normal,No
SCR-00175,Mali,Bamako,ACF,2023-04-26,38,M,12.5,9.36,93.4,No,Normal,No
SCR-00176,Chad,Borkou,IRC,2024-02-11,42,F,10.3,6.56,60.8,No,SAM,No
SCR-00177,Niger,Diffa,SPONG,2023-08-20,18,M,11.4,4.66,52.1,No,SAM,Yes
SCR-00178,Niger,Diffa,WFP,2024-04-17,34,F,8.9,7.72,80.7,No,SAM,Yes
SCR-00179,Mali,Segou,WFP,2024-01-15,48,M,10.7,11.93,87.0,No,SAM,Yes
SCR-00180,Mali,Gao,WFP,2023-02-09,9,M,14.7,2.93,82.0,No,Normal,No
SCR-00181,Burkina Faso,Sahel,SPONG,2023-03-08,22,F,12.3,6.21,87.0,No,MAM,Yes
SCR-00182,Niger,Zinder,IRC,2023-02-12,11,M,15.2,5.36,80.0,No,Normal,No
SCR-00183,Chad,Ouaddai,MSF,2024-02-05,8,M,12.8,7.95,68.4,No,Normal,No
SCR-00184,Mali,Mopti,UNICEF,2024-05-18,11,M,15.5,7.24,65.1,No,Normal,No
SCR-00185,Chad,Lac,WFP,2024-09-19,14,F,13.7,14.04,62.6,No,Normal,No
SCR-00186,Chad,N'Djamena,UNICEF,2024-08-04,39,M,14.2,7.92,71.4,No,Normal,No
SCR-00187,Burkina Faso,Nord,IRC,2023-05-26,52,M,16.0,7.76,76.2,No,Normal,No
SCR-00188,Mali,Bamako,UNICEF,2023-12-02,48,M,16.6,5.22,97.7,No,Normal,No
SCR-00189,Chad,Borkou,WFP,2024-07-05,59,M,12.9,10.63,78.8,No,Normal,No
SCR-00190,Burkina Faso,Centre,IRC,2023-12-25,48,F,16.3,11.92,88.1,No,Normal,No
SCR-00191,Niger,Zinder,WFP,2023-02-22,25,M,10.5,6.45,83.7,No,SAM,Yes
SCR-00192,Chad,Lac,SPONG,2024-09-21,8,M,11.4,3.84,88.2,No,SAM,No
SCR-00193,Chad,Lac,MSF,2023-03-06,47,M,12.0,9.11,99.9,No,MAM,Yes
SCR-00194,Chad,N'Djamena,ACF,2024-01-09,12,M,12.7,8.75,76.9,No,Normal,No
SCR-00195,Mali,Mopti,SPONG,2023-10-22,24,M,17.2,7.37,83.1,No,Normal,No
SCR-00196,Chad,Borkou,WFP,2024-05-21,27,F,11.4,11.26,83.2,No,SAM,Yes
SCR-00197,Mali,Mopti,SPONG,2023-07-27,59,F,15.3,7.14,95.3,Yes,SAM,No
SCR-00198,Chad,Ouaddai,ACF,2023-09-14,19,F,17.0,7.56,82.1,Yes,SAM,Yes
SCR-00199,Chad,N'Djamena,IRC,2023-11-13,17,F,9.6,12.11,62.1,No,SAM,Yes
SCR-00200,Burkina Faso,Sahel,WFP,2023-09-13,15,M,18.0,8.07,94.9,No,Normal,No
SCR-00201,Niger,Niamey,WFP,2023-06-11,36,F,13.9,12.1,103.2,No,Normal,No
SCR-00202,Chad,Ouaddai,WFP,2023-12-20,12,M,12.0,11.29,58.2,No,MAM,Yes
SCR-00203,Niger,Zinder,SPONG,2024-09-17,23,M,12.7,7.74,80.2,No,Normal,No
SCR-00204,Burkina Faso,Cascades,ACF,2024-01-17,59,M,14.3,12.38,58.8,No,Normal,No
SCR-00205,Chad,N'Djamena,IRC,2024-12-12,38,F,12.1,10.41,74.8,No,MAM,No
SCR-00206,Mali,Gao,WFP,2024-04-22,32,F,13.8,8.0,61.6,No,Normal,No
SCR-00207,Burkina Faso,Cascades,MSF,2023-05-18,18,M,10.6,5.43,78.2,No,SAM,Yes
SCR-00208,Burkina Faso,Centre,WFP,2024-07-04,42,M,12.0,12.78,79.7,No,MAM,Yes
SCR-00209,Burkina Faso,Nord,ACF,2023-06-04,52,M,15.8,9.53,69.9,No,Normal,No
SCR-00210,Niger,Niamey,IRC,2024-08-19,40,F,11.3,5.65,83.0,No,SAM,No
SCR-00211,Burkina Faso,Sahel,UNICEF,2024-03-26,34,F,17.1,8.98,73.4,No,Normal,No
SCR-00212,Burkina Faso,Nord,UNICEF,2023-02-09,17,M,13.9,7.95,93.3,No,Normal,No
SCR-00213,Chad,N'Djamena,ACF,2023-09-07,37,M,14.3,5.79,69.5,Yes,SAM,No
SCR-00214,Chad,Lac,ACF,2023-01-06,14,M,7.5,9.99,83.2,No,SAM,Yes
SCR-00215,Niger,Agadez,WFP,2023-11-07,45,F,17.3,6.5,92.7,No,Normal,No
SCR-00216,Burkina Faso,Cascades,UNICEF,2023-08-18,46,M,13.1,8.61,113.5,No,Normal,No
SCR-00217,Niger,Niamey,WFP,2023-12-12,9,M,15.7,8.58,84.7,No,Normal,No
SCR-00218,Chad,Ouaddai,UNICEF,2024-03-15,41,M,14.7,9.8,64.2,No,Normal,No
SCR-00219,Chad,N'Djamena,IRC,2024-03-23,8,M,16.6,5.47,78.1,No,Normal,No
SCR-00220,Chad,Ouaddai,UNICEF,2023-11-11,8,M,14.5,9.72,80.7,Yes,SAM,No
SCR-00221,Chad,Kanem,WFP,2023-07-13,29,M,12.4,6.17,75.7,No,MAM,Yes
SCR-00222,Niger,Zinder,IRC,2023-05-27,14,M,11.4,10.72,76.4,No,SAM,No
SCR-00223,Niger,Diffa,SPONG,2024-04-19,37,F,14.9,10.03,88.2,No,Normal,No
SCR-00224,Chad,Borkou,ACF,2023-06-16,48,F,12.9,5.87,83.4,No,Normal,No
SCR-00225,Mali,Bamako,WFP,2023-02-05,19,M,9.6,10.85,66.4,No,SAM,No
SCR-00226,Chad,Borkou,ACF,2024-09-22,45,M,11.7,5.08,99.9,No,MAM,Yes
SCR-00227,Chad,Ouaddai,WFP,2024-12-04,37,M,14.0,7.8,105.0,No,Normal,No
SCR-00228,Chad,Kanem,IRC,2023-05-14,36,M,14.5,11.48,91.3,No,Normal,No
SCR-00229,Mali,Gao,ACF,2024-01-30,59,F,11.3,6.08,73.6,No,SAM,Yes
SCR-00230,Burkina Faso,Cascades,IRC,2023-09-18,42,M,14.0,6.28,81.3,No,Normal,No
SCR-00231,Burkina Faso,Centre,WFP,2023-06-30,27,M,12.3,8.21,67.8,No,MAM,Yes
SCR-00232,Mali,Segou,IRC,2024-01-08,31,M,9.0,5.62,88.7,No,SAM,Yes
SCR-00233,Niger,Zinder,WFP,2023-02-13,54,F,15.9,6.7,99.2,No,Normal,No
SCR-00234,Mali,Bamako,MSF,2024-05-07,21,F,16.0,7.46,67.6,No,Normal,No
SCR-00235,Niger,Niamey,UNICEF,2024-07-04,58,F,10.8,12.31,65.5,No,SAM,Yes
SCR-00236,Burkina Faso,Centre,MSF,2023-05-12,7,M,14.4,11.69,58.7,No,Normal,No
SCR-00237,Chad,Kanem,ACF,2024-03-31,53,F,15.2,11.74,65.9,No,Normal,No
SCR-00238,Mali,Gao,SPONG,2023-02-04,8,M,13.4,13.17,106.7,No,Normal,No
SCR-00239,Mali,Gao,IRC,2024-11-30,47,F,12.2,11.56,74.0,No,MAM,Yes
SCR-00240,Chad,Kanem,UNICEF,2024-12-10,55,M,12.3,12.07,68.8,No,MAM,Yes
SCR-00241,Burkina Faso,Sahel,IRC,2024-04-03,17,M,12.7,10.73,99.3,No,Normal,No
SCR-00242,Chad,N'Djamena,ACF,2023-05-31,54,M,12.2,8.2,94.2,No,MAM,Yes
SCR-00243,Chad,Lac,SPONG,2023-09-23,43,F,14.7,7.04,75.8,No,Normal,No
SCR-00244,Burkina Faso,Nord,IRC,2023-11-23,57,M,16.3,5.98,64.9,No,Normal,No
SCR-00245,Chad,Lac,IRC,2023-05-24,44,M,13.9,8.51,73.5,No,Normal,No
SCR-00246,Mali,Bamako,MSF,2024-01-30,20,F,10.9,6.48,60.6,No,SAM,Yes
SCR-00247,Chad,Lac,MSF,2023-04-22,35,M,11.7,7.27,94.8,Yes,SAM,Yes
SCR-00248,Chad,Ouaddai,UNICEF,2024-09-09,55,M,9.8,3.72,85.3,No,SAM,Yes
SCR-00249,Niger,Maradi,SPONG,2024-01-02,42,M,10.2,14.15,65.7,No,SAM,Yes
SCR-00250,Niger,Agadez,MSF,2023-07-04,29,M,11.7,11.79,85.5,No,MAM,Yes
SCR-00251,Burkina Faso,Nord,UNICEF,2023-06-11,23,F,14.4,9.45,91.7,No,Normal,No
SCR-00252,Burkina Faso,Centre,MSF,2024-06-07,33,F,9.7,4.85,82.7,No,SAM,Yes
SCR-00253,Mali,Mopti,MSF,2024-02-07,25,M,13.1,1.47,92.5,No,Normal,No
SCR-00254,Chad,Ouaddai,MSF,2024-01-23,29,F,16.5,9.98,66.4,No,Normal,No
SCR-00255,Burkina Faso,Centre,SPONG,2024-08-16,8,F,12.3,11.35,85.6,No,MAM,Yes
SCR-00256,Mali,Segou,UNICEF,2023-06-03,8,M,10.7,8.19,62.6,No,SAM,Yes
SCR-00257,Burkina Faso,Sahel,ACF,2024-09-01,52,F,16.9,8.02,78.1,No,Normal,No
SCR-00258,Niger,Niamey,UNICEF,2024-01-12,57,F,13.7,14.0,67.2,No,Normal,No
SCR-00259,Niger,Agadez,ACF,2024-05-19,40,F,15.2,10.53,100.0,No,Normal,No
SCR-00260,Chad,N'Djamena,ACF,2024-01-12,36,F,17.5,3.93,75.8,No,Normal,No
SCR-00261,Niger,Maradi,ACF,2024-02-26,53,M,14.5,2.8,94.3,No,Normal,No
SCR-00262,Chad,Kanem,SPONG,2023-04-24,6,M,11.3,6.42,108.3,No,SAM,No
SCR-00263,Niger,Zinder,IRC,2023-03-18,47,M,14.9,7.57,80.5,No,Normal,No
SCR-00264,Mali,Tombouctou,IRC,2024-02-01,15,M,11.3,6.53,54.7,No,SAM,No
SCR-00265,Mali,Bamako,IRC,2023-04-09,51,F,15.1,9.01,94.0,No,Normal,No
SCR-00266,Niger,Maradi,UNICEF,2024-05-12,21,F,10.8,5.36,68.7,Yes,SAM,Yes
SCR-00267,Chad,Lac,WFP,2024-05-07,51,F,8.3,14.0,95.2,No,SAM,Yes
SCR-00268,Mali,Mopti,IRC,2023-12-01,11,M,14.7,12.24,66.9,Yes,SAM,Yes
SCR-00269,Mali,Bamako,ACF,2024-06-02,9,M,10.3,7.29,92.6,No,SAM,Yes
SCR-00270,Burkina Faso,Nord,UNICEF,2024-04-23,35,M,16.7,11.34,80.9,No,Normal,No
SCR-00271,Chad,Lac,ACF,2024-12-25,50,F,13.6,10.11,90.7,No,Normal,No
SCR-00272,Niger,Maradi,UNICEF,2024-04-08,43,F,17.6,8.79,84.5,No,Normal,No
SCR-00273,Burkina Faso,Centre,MSF,2024-12-21,7,F,9.5,5.14,48.1,No,SAM,Yes
SCR-00274,Chad,Kanem,UNICEF,2023-09-07,46,M,14.3,12.72,73.5,No,Normal,No
SCR-00275,Burkina Faso,Est,IRC,2023-10-27,58,F,13.6,10.54,77.3,No,Normal,No
SCR-00276,Mali,Bamako,UNICEF,2023-07-22,30,M,11.7,3.98,74.3,No,MAM,Yes
SCR-00277,Niger,Maradi,WFP,2023-12-10,30,M,14.8,7.17,87.1,No,Normal,No
SCR-00278,Chad,Kanem,MSF,2024-03-13,35,F,16.4,8.68,87.7,No,Normal,No
SCR-00279,Mali,Segou,ACF,2024-12-21,43,M,9.6,3.06,74.2,No,SAM,No
SCR-00280,Burkina Faso,Nord,WFP,2023-05-26,34,F,14.9,7.52,89.5,No,Normal,No
SCR-00281,Niger,Agadez,MSF,2023-04-01,34,M,11.6,6.97,79.1,No,MAM,No
SCR-00282,Mali,Bamako,SPONG,2024-11-12,11,F,13.0,9.52,59.4,No,Normal,No
SCR-00283,Niger,Zinder,UNICEF,2023-12-08,58,F,10.0,3.22,46.8,Yes,SAM,Yes
SCR-00284,Chad,Lac,MSF,2023-01-06,10,F,11.8,7.22,42.3,No,MAM,Yes
SCR-00285,Burkina Faso,Est,SPONG,2024-04-27,40,F,12.3,14.01,75.6,No,MAM,No
SCR-00286,Burkina Faso,Centre,ACF,2024-10-29,35,M,13.8,11.32,88.0,No,Normal,No
SCR-00287,Burkina Faso,Sahel,MSF,2023-09-18,59,F,14.1,7.66,111.9,No,Normal,No
SCR-00288,Burkina Faso,Nord,IRC,2023-10-10,42,F,10.1,12.17,76.3,No,SAM,Yes
SCR-00289,Burkina Faso,Sahel,WFP,2024-03-05,40,F,12.7,10.89,86.3,No,Normal,No
SCR-00290,Burkina Faso,Nord,MSF,2023-11-30,21,F,8.8,6.88,60.5,No,SAM,Yes
SCR-00291,Niger,Agadez,WFP,2024-11-20,12,M,12.2,8.38,76.4,No,MAM,Yes
SCR-00292,Mali,Gao,SPONG,2023-10-20,9,M,15.1,7.9,81.8,Yes,SAM,Yes
SCR-00293,Niger,Zinder,IRC,2024-08-16,26,M,15.2,3.04,73.6,No,Normal,No
SCR-00294,Burkina Faso,Cascades,WFP,2024-02-26,27,M,11.8,8.67,68.8,No,MAM,Yes
SCR-00295,Burkina Faso,Est,ACF,2024-02-01,22,F,10.8,9.04,65.8,Yes,SAM,Yes
SCR-00296,Niger,Niamey,IRC,2024-10-29,27,M,17.1,8.7,33.9,No,Normal,No
SCR-00297,Niger,Niamey,MSF,2024-02-16,32,F,12.7,5.88,69.7,No,Normal,No
SCR-00298,Niger,Agadez,ACF,2023-02-13,7,M,14.3,2.91,81.1,No,Normal,No
SCR-00299,Niger,Maradi,ACF,2024-09-13,47,F,12.5,15.9,78.2,No,Normal,No
SCR-00300,Mali,Gao,SPONG,2024-06-19,31,F,12.0,3.68,94.8,Yes,SAM,Yes
SCR-00301,Mali,Bamako,UNICEF,2024-05-09,6,F,10.6,10.85,109.2,No,SAM,Yes
SCR-00302,Burkina Faso,Sahel,MSF,2024-06-19,40,M,14.3,8.7,97.6,No,Normal,No
SCR-00303,Burkina Faso,Est,WFP,2023-05-04,38,M,12.3,8.77,83.1,No,MAM,Yes
SCR-00304,Niger,Diffa,MSF,2023-05-29,48,M,12.1,5.13,61.6,No,MAM,No
SCR-00305,Burkina Faso,Est,UNICEF,2024-03-14,37,F,14.9,8.38,70.6,No,Normal,No
SCR-00306,Niger,Zinder,MSF,2024-07-02,6,F,10.8,8.76,79.0,No,SAM,No
SCR-00307,Mali,Gao,MSF,2024-06-05,24,M,13.8,4.29,76.3,No,Normal,No
SCR-00308,Niger,Zinder,WFP,2023-08-27,20,M,12.1,12.52,86.4,Yes,SAM,Yes
SCR-00309,Burkina Faso,Cascades,SPONG,2024-11-14,49,F,14.5,7.98,85.6,No,Normal,No
SCR-00310,Burkina Faso,Nord,MSF,2023-11-21,29,F,7.7,7.89,96.7,No,SAM,Yes
SCR-00311,Niger,Diffa,ACF,2023-10-27,25,F,14.0,10.27,90.1,No,Normal,No
SCR-00312,Niger,Zinder,SPONG,2023-07-28,7,F,13.8,4.74,73.6,No,Normal,No
SCR-00313,Burkina Faso,Centre,ACF,2023-09-29,38,M,11.4,9.02,86.6,No,SAM,Yes
SCR-00314,Niger,Agadez,MSF,2024-01-20,54,M,13.5,6.88,85.3,No,Normal,No
SCR-00315,Chad,N'Djamena,SPONG,2023-09-16,53,M,7.7,8.62,63.1,No,SAM,No
SCR-00316,Burkina Faso,Cascades,MSF,2023-10-15,32,F,13.2,12.2,79.3,Yes,SAM,Yes
SCR-00317,Mali,Tombouctou,UNICEF,2023-11-09,8,F,11.2,9.81,81.8,No,SAM,Yes
SCR-00318,Chad,N'Djamena,WFP,2023-08-09,39,F,13.8,12.99,64.8,No,Normal,No
SCR-00319,Chad,Kanem,WFP,2023-10-07,23,F,14.5,5.85,62.4,No,Normal,No
SCR-00320,Niger,Maradi,ACF,2023-04-28,24,M,14.5,2.82,90.3,No,Normal,No
SCR-00321,Burkina Faso,Est,SPONG,2023-10-08,8,F,12.3,12.13,84.6,No,MAM,Yes
SCR-00322,Mali,Tombouctou,WFP,2023-09-20,8,M,13.7,7.06,87.2,No,Normal,No
SCR-00323,Chad,Kanem,IRC,2024-07-31,48,F,13.4,9.2,52.7,No,Normal,No
SCR-00324,Burkina Faso,Sahel,UNICEF,2023-09-09,19,M,12.0,12.88,105.7,No,MAM,Yes
SCR-00325,Niger,Maradi,SPONG,2023-04-22,18,M,12.0,8.71,92.9,No,MAM,No
SCR-00326,Mali,Gao,SPONG,2023-11-04,11,M,14.9,12.36,59.6,No,Normal,No
SCR-00327,Chad,Ouaddai,IRC,2023-12-16,29,M,13.2,6.31,97.1,No,Normal,No
SCR-00328,Niger,Niamey,UNICEF,2024-10-01,26,F,14.1,2.02,110.0,No,Normal,No
SCR-00329,Niger,Niamey,IRC,2023-10-22,50,M,11.2,6.74,98.9,Yes,SAM,Yes
SCR-00330,Chad,Lac,SPONG,2023-07-19,29,F,12.8,3.66,73.9,No,Normal,No
SCR-00331,Niger,Diffa,IRC,2024-01-31,20,M,7.9,8.71,65.7,Yes,SAM,Yes
SCR-00332,Chad,Lac,IRC,2023-10-30,59,M,13.3,6.42,65.7,No,Normal,No
SCR-00333,Chad,Lac,ACF,2023-11-27,31,F,11.4,7.37,80.1,No,SAM,Yes
SCR-00334,Burkina Faso,Nord,SPONG,2024-09-02,22,M,15.8,6.57,81.2,No,Normal,No
SCR-00335,Niger,Zinder,UNICEF,2024-12-22,58,M,12.8,11.82,85.3,No,Normal,No
SCR-00336,Burkina Faso,Est,SPONG,2023-03-12,26,M,10.2,4.7,80.8,No,SAM,No
SCR-00337,Niger,Niamey,WFP,2023-06-29,27,M,17.4,7.58,64.1,No,Normal,No
SCR-00338,Niger,Niamey,UNICEF,2024-07-03,40,F,13.1,7.22,67.4,No,Normal,No
SCR-00339,Burkina Faso,Est,ACF,2023-07-01,50,M,12.1,7.18,84.1,No,MAM,Yes
SCR-00340,Burkina Faso,Nord,WFP,2024-11-19,47,F,14.2,13.35,67.9,No,Normal,No
SCR-00341,Burkina Faso,Centre,IRC,2024-08-21,31,M,10.9,8.97,70.8,No,SAM,Yes
SCR-00342,Burkina Faso,Centre,WFP,2023-07-17,55,M,12.6,12.87,77.3,No,Normal,No
SCR-00343,Mali,Mopti,IRC,2023-04-21,44,F,13.1,7.28,101.5,No,Normal,No
SCR-00344,Chad,N'Djamena,ACF,2024-05-23,50,F,11.3,11.1,80.4,No,SAM,No
SCR-00345,Burkina Faso,Centre,WFP,2023-07-29,24,F,14.5,13.05,69.0,No,Normal,No
SCR-00346,Niger,Agadez,WFP,2024-07-02,25,M,12.2,7.48,64.3,Yes,SAM,Yes
SCR-00347,Burkina Faso,Nord,WFP,2024-05-30,47,M,14.9,11.31,69.4,No,Normal,No
SCR-00348,Burkina Faso,Sahel,WFP,2024-10-08,27,M,7.5,6.97,67.6,No,SAM,Yes
SCR-00349,Mali,Bamako,MSF,2023-09-02,44,M,11.8,8.61,119.9,No,MAM,Yes
SCR-00350,Chad,Kanem,SPONG,2024-07-24,9,F,15.5,7.07,74.6,No,Normal,No
SCR-00351,Niger,Maradi,SPONG,2023-11-07,38,M,13.4,7.73,97.6,No,Normal,No
SCR-00352,Chad,Borkou,ACF,2024-07-27,53,M,12.7,8.01,75.7,No,Normal,No
SCR-00353,Niger,Agadez,ACF,2023-10-14,23,F,14.1,10.91,78.7,No,Normal,No
SCR-00354,Chad,Lac,ACF,2024-07-10,53,M,14.5,5.33,80.1,No,Normal,No
SCR-00355,Niger,Niamey,WFP,2024-07-30,35,M,11.5,5.7,88.6,No,MAM,Yes
SCR-00356,Burkina Faso,Est,MSF,2024-02-02,38,F,12.6,8.9,101.2,No,Normal,No
SCR-00357,Mali,Segou,MSF,2024-08-05,19,F,15.7,7.07,64.2,No,Normal,No
SCR-00358,Mali,Segou,UNICEF,2023-10-31,59,F,13.1,4.34,84.0,No,Normal,No
SCR-00359,Niger,Agadez,WFP,2024-07-21,34,F,12.9,9.85,79.4,Yes,SAM,No
SCR-00360,Burkina Faso,Est,SPONG,2023-01-12,13,M,10.0,7.59,83.8,No,SAM,Yes
SCR-00361,Mali,Segou,WFP,2024-04-01,55,F,14.5,6.96,96.5,No,Normal,No
SCR-00362,Chad,Borkou,SPONG,2023-09-04,29,M,12.2,6.09,83.5,No,MAM,Yes
SCR-00363,Burkina Faso,Est,ACF,2024-09-07,58,M,10.2,6.64,80.0,No,SAM,Yes
SCR-00364,Niger,Agadez,MSF,2024-05-27,49,M,11.4,17.02,70.1,No,SAM,Yes
SCR-00365,Mali,Mopti,SPONG,2023-04-25,25,F,9.6,11.57,87.9,No,SAM,No
SCR-00366,Niger,Maradi,UNICEF,2023-01-17,37,F,11.4,14.94,73.1,No,SAM,Yes
SCR-00367,Burkina Faso,Cascades,IRC,2023-04-11,43,M,10.2,2.55,67.3,No,SAM,Yes
SCR-00368,Chad,N'Djamena,MSF,2023-12-01,9,M,19.1,10.43,84.2,No,Normal,No
SCR-00369,Mali,Segou,IRC,2024-09-29,29,F,11.8,8.65,85.7,No,MAM,Yes
SCR-00370,Mali,Mopti,MSF,2024-05-20,18,F,7.5,11.75,76.7,No,SAM,Yes
SCR-00371,Mali,Bamako,MSF,2024-09-03,21,M,10.4,8.14,89.1,No,SAM,No
SCR-00372,Mali,Segou,UNICEF,2023-03-04,48,M,11.5,9.1,83.0,No,MAM,No
SCR-00373,Niger,Agadez,ACF,2024-03-28,9,F,14.2,7.91,87.4,Yes,SAM,No
SCR-00374,Burkina Faso,Nord,SPONG,2023-04-02,39,M,7.6,-0.21,83.9,Yes,SAM,Yes
SCR-00375,Niger,Maradi,MSF,2023-10-13,42,F,10.6,7.77,66.8,No,SAM,No
SCR-00376,Niger,Maradi,SPONG,2024-07-03,40,M,12.4,7.38,85.8,No,MAM,No
SCR-00377,Burkina Faso,Cascades,ACF,2024-02-12,42,F,10.5,5.55,86.3,No,SAM,Yes
SCR-00378,Niger,Diffa,SPONG,2024-02-22,6,M,12.6,17.0,64.9,No,Normal,No
SCR-00379,Niger,Diffa,IRC,2024-09-10,14,M,13.4,6.22,83.0,No,Normal,No
SCR-00380,Niger,Niamey,MSF,2023-11-30,45,F,11.9,6.27,77.6,No,MAM,Yes
SCR-00381,Niger,Zinder,SPONG,2023-11-12,54,F,13.4,6.18,87.0,No,Normal,No
SCR-00382,Mali,Mopti,UNICEF,2023-03-21,49,M,11.5,7.19,71.2,No,MAM,Yes
SCR-00383,Chad,Lac,WFP,2024-09-26,48,M,12.1,10.46,62.6,No,MAM,Yes
SCR-00384,Burkina Faso,Centre,SPONG,2023-07-13,52,F,10.7,8.29,63.5,No,SAM,No
SCR-00385,Burkina Faso,Nord,UNICEF,2023-04-26,18,M,12.2,12.28,92.7,No,MAM,Yes
SCR-00386,Burkina Faso,Sahel,IRC,2024-05-28,43,M,13.0,6.93,105.5,No,Normal,No
SCR-00387,Mali,Segou,IRC,2024-03-24,24,M,12.2,9.44,103.1,No,MAM,Yes
SCR-00388,Burkina Faso,Sahel,WFP,2024-08-09,13,F,9.7,12.99,70.4,No,SAM,Yes
SCR-00389,Chad,Borkou,WFP,2024-04-21,44,M,10.4,11.97,76.8,No,SAM,Yes
SCR-00390,Burkina Faso,Centre,ACF,2023-02-16,16,M,16.0,8.38,71.7,No,Normal,No
SCR-00391,Mali,Gao,MSF,2023-10-20,20,F,14.2,12.75,83.7,No,Normal,No
SCR-00392,Burkina Faso,Cascades,MSF,2023-03-22,23,F,12.0,12.59,61.4,No,MAM,Yes
SCR-00393,Niger,Zinder,ACF,2024-03-01,27,F,14.2,13.71,76.5,No,Normal,No
SCR-00394,Niger,Diffa,ACF,2023-07-02,18,M,7.6,6.63,86.0,No,SAM,Yes
SCR-00395,Burkina Faso,Nord,SPONG,2024-12-13,19,F,12.9,6.28,79.7,No,Normal,No
SCR-00396,Mali,Bamako,SPONG,2023-07-07,36,M,10.5,8.13,73.5,No,SAM,Yes
SCR-00397,Burkina Faso,Est,IRC,2023-07-13,30,M,15.6,11.55,77.7,No,Normal,No
SCR-00398,Mali,Segou,ACF,2024-12-14,51,M,11.5,7.43,100.0,No,MAM,Yes
SCR-00399,Mali,Bamako,MSF,2023-09-02,46,M,12.8,7.56,67.7,No,Normal,No
SCR-00400,Niger,Zinder,SPONG,2023-05-16,48,F,11.7,11.03,78.9,No,MAM,Yes
SCR-00401,Niger,Diffa,UNICEF,2023-11-17,42,M,11.3,5.33,94.9,No,SAM,Yes
SCR-00402,Niger,Niamey,SPONG,2023-10-25,34,M,13.8,10.07,78.7,No,Normal,No
SCR-00403,Niger,Diffa,UNICEF,2024-09-05,58,M,11.0,5.71,86.3,No,SAM,Yes
SCR-00404,Mali,Mopti,WFP,2024-02-04,32,F,12.0,10.08,72.3,No,MAM,Yes
SCR-00405,Burkina Faso,Est,WFP,2023-07-30,31,F,13.2,8.92,77.4,No,Normal,No
SCR-00406,Burkina Faso,Centre,SPONG,2023-09-22,29,F,14.9,7.37,77.8,No,Normal,No
SCR-00407,Mali,Segou,WFP,2024-05-07,26,M,12.3,4.73,76.3,No,MAM,No
SCR-00408,Burkina Faso,Centre,IRC,2023-03-04,38,F,15.4,6.79,66.4,No,Normal,No
SCR-00409,Niger,Diffa,ACF,2024-08-26,21,F,12.8,12.84,98.8,No,Normal,No
SCR-00410,Burkina Faso,Nord,UNICEF,2023-11-01,42,M,12.8,9.4,84.0,No,Normal,No
SCR-00411,Burkina Faso,Centre,IRC,2023-04-26,31,M,14.0,5.94,87.8,No,Normal,No
SCR-00412,Niger,Niamey,UNICEF,2023-08-12,29,F,14.4,6.95,75.2,No,Normal,No
SCR-00413,Chad,Lac,MSF,2024-01-13,59,F,13.0,8.65,76.8,No,Normal,No
SCR-00414,Chad,Lac,SPONG,2023-03-11,37,M,10.7,6.35,72.7,No,SAM,Yes
SCR-00415,Niger,Diffa,SPONG,2023-08-19,23,M,12.3,1.12,69.2,No,MAM,No
SCR-00416,Burkina Faso,Est,SPONG,2023-05-16,56,M,14.2,8.09,77.3,No,Normal,No
SCR-00417,Mali,Tombouctou,IRC,2024-11-17,21,M,11.3,8.91,72.5,No,SAM,Yes
SCR-00418,Mali,Gao,SPONG,2023-03-23,8,F,16.6,4.63,67.0,No,Normal,No
SCR-00419,Chad,Lac,ACF,2023-04-08,17,M,14.2,9.14,80.5,No,Normal,No
SCR-00420,Niger,Diffa,ACF,2023-09-27,26,F,11.2,7.49,77.2,No,SAM,No
SCR-00421,Chad,Kanem,SPONG,2024-04-07,56,F,14.1,7.76,80.3,No,Normal,No
SCR-00422,Niger,Niamey,IRC,2024-09-21,10,M,12.1,9.36,82.6,No,MAM,No
SCR-00423,Chad,Kanem,UNICEF,2024-09-25,37,M,11.6,10.08,78.5,No,MAM,Yes
SCR-00424,Mali,Gao,MSF,2023-04-20,21,F,13.0,7.13,53.6,No,Normal,No
SCR-00425,Burkina Faso,Cascades,IRC,2023-09-05,59,F,9.3,9.34,69.8,No,SAM,No
SCR-00426,Niger,Zinder,ACF,2023-04-01,25,M,12.6,6.85,82.5,No,Normal,No
SCR-00427,Chad,Kanem,MSF,2023-03-10,19,F,11.2,13.41,72.0,No,SAM,No
SCR-00428,Burkina Faso,Nord,UNICEF,2023-04-27,56,M,12.8,10.11,79.5,Yes,SAM,No
SCR-00429,Niger,Maradi,WFP,2023-04-05,35,M,13.0,10.28,75.5,No,Normal,No
SCR-00430,Niger,Diffa,WFP,2023-01-09,13,F,14.4,12.7,105.1,No,Normal,No
SCR-00431,Burkina Faso,Nord,IRC,2024-12-14,34,F,11.1,11.4,88.0,No,SAM,Yes
SCR-00432,Mali,Segou,ACF,2023-04-19,40,M,15.1,9.33,64.2,No,Normal,No
SCR-00433,Burkina Faso,Nord,UNICEF,2023-11-22,17,F,12.1,7.16,74.3,No,MAM,No
SCR-00434,Burkina Faso,Centre,SPONG,2023-04-29,50,F,13.9,7.53,83.1,No,Normal,No
SCR-00435,Chad,Ouaddai,IRC,2024-02-27,20,F,15.2,10.92,83.3,No,Normal,No
SCR-00436,Chad,Lac,UNICEF,2023-11-03,30,M,11.1,8.74,86.7,No,SAM,Yes
SCR-00437,Niger,Maradi,SPONG,2023-02-19,9,M,13.8,7.53,76.9,Yes,SAM,No
SCR-00438,Chad,N'Djamena,SPONG,2023-09-21,39,F,12.1,10.33,113.9,No,MAM,No
SCR-00439,Chad,Kanem,IRC,2023-08-08,41,F,13.3,8.08,71.5,No,Normal,No
SCR-00440,Chad,Borkou,MSF,2024-02-18,39,M,11.3,6.74,64.5,No,SAM,Yes
SCR-00441,Chad,Borkou,UNICEF,2024-01-13,59,F,13.7,7.95,89.5,No,Normal,No
SCR-00442,Mali,Mopti,IRC,2023-05-02,40,F,13.8,11.47,69.6,No,Normal,No
SCR-00443,Burkina Faso,Centre,MSF,2023-04-03,23,F,13.1,4.87,93.6,No,Normal,No
SCR-00444,Niger,Diffa,IRC,2024-12-23,41,M,14.6,5.69,100.0,No,Normal,No
SCR-00445,Mali,Tombouctou,ACF,2023-12-29,54,M,16.7,8.25,73.5,No,Normal,No
SCR-00446,Burkina Faso,Cascades,UNICEF,2024-03-21,26,M,12.5,9.5,105.5,No,Normal,No
SCR-00447,Burkina Faso,Est,MSF,2024-07-12,43,M,13.0,8.6,73.9,No,Normal,No
SCR-00448,Burkina Faso,Est,WFP,2023-05-28,27,F,14.2,9.55,74.9,No,Normal,No
SCR-00449,Burkina Faso,Centre,MSF,2024-12-13,54,M,17.7,6.35,54.2,Yes,SAM,Yes
SCR-00450,Burkina Faso,Centre,WFP,2023-10-27,17,F,15.3,7.78,101.6,No,Normal,No
SCR-00451,Burkina Faso,Nord,ACF,2024-05-30,13,M,19.7,7.27,97.4,No,Normal,No
SCR-00452,Mali,Segou,ACF,2023-08-30,8,M,14.1,6.78,91.0,No,Normal,No
SCR-00453,Burkina Faso,Centre,SPONG,2024-10-11,46,F,11.3,6.59,90.1,No,SAM,Yes
SCR-00454,Burkina Faso,Est,IRC,2023-11-28,36,F,17.1,11.5,64.0,No,Normal,No
SCR-00455,Mali,Mopti,UNICEF,2023-09-13,58,F,13.5,7.15,70.5,No,Normal,No
SCR-00456,Burkina Faso,Centre,ACF,2024-02-25,59,F,12.3,7.51,80.8,No,MAM,No
SCR-00457,Niger,Diffa,ACF,2024-08-21,35,F,15.2,2.6,92.0,No,Normal,No
SCR-00458,Niger,Agadez,IRC,2024-11-02,45,M,12.4,10.81,59.1,No,MAM,No
SCR-00459,Niger,Agadez,SPONG,2024-02-05,7,M,16.0,13.51,79.4,No,Normal,No
SCR-00460,Chad,Ouaddai,SPONG,2024-10-16,33,M,10.2,3.96,69.8,No,SAM,No
SCR-00461,Chad,Lac,IRC,2023-05-22,10,F,11.9,10.02,70.9,No,MAM,Yes
SCR-00462,Chad,Ouaddai,MSF,2024-08-31,12,M,10.0,13.21,74.7,No,SAM,Yes
SCR-00463,Mali,Bamako,MSF,2024-06-02,47,F,12.2,9.02,56.6,No,MAM,Yes
SCR-00464,Chad,Kanem,UNICEF,2024-11-24,55,F,11.3,9.57,79.5,No,SAM,Yes
SCR-00465,Niger,Maradi,UNICEF,2023-07-08,22,M,9.8,9.55,82.4,No,SAM,Yes
SCR-00466,Niger,Maradi,IRC,2024-07-13,31,F,11.4,4.53,84.7,No,SAM,No
SCR-00467,Mali,Gao,MSF,2024-03-07,40,F,7.5,12.63,95.3,No,SAM,No
SCR-00468,Burkina Faso,Cascades,MSF,2023-12-05,45,F,9.9,8.92,69.3,No,SAM,Yes
SCR-00469,Niger,Agadez,UNICEF,2023-04-05,9,M,12.9,6.18,73.9,No,Normal,No
SCR-00470,Niger,Maradi,UNICEF,2023-10-17,17,M,15.0,12.01,55.7,No,Normal,No
SCR-00471,Mali,Tombouctou,WFP,2024-11-03,21,M,8.4,3.33,99.6,No,SAM,Yes
SCR-00472,Niger,Zinder,UNICEF,2023-09-25,12,F,14.0,8.24,51.9,No,Normal,No
SCR-00473,Niger,Agadez,WFP,2024-02-27,37,M,13.9,11.23,85.7,No,Normal,No
SCR-00474,Niger,Zinder,WFP,2023-03-26,50,F,9.9,11.19,107.9,No,SAM,Yes
SCR-00475,Chad,Ouaddai,SPONG,2024-09-17,17,M,12.5,7.72,99.4,No,Normal,No
SCR-00476,Burkina Faso,Sahel,ACF,2023-06-01,21,F,13.5,7.11,83.9,No,Normal,No
SCR-00477,Burkina Faso,Cascades,IRC,2024-03-28,40,M,9.9,7.02,69.1,No,SAM,Yes
SCR-00478,Burkina Faso,Est,ACF,2024-12-02,19,M,9.4,7.17,78.8,No,SAM,Yes
SCR-00479,Mali,Bamako,IRC,2024-05-09,36,M,15.7,10.24,93.7,No,Normal,No
SCR-00480,Burkina Faso,Nord,IRC,2024-06-30,31,F,11.5,12.05,107.4,No,MAM,No
SCR-00481,Chad,Lac,SPONG,2024-02-20,52,F,15.5,9.13,66.6,No,Normal,No
SCR-00482,Chad,Kanem,IRC,2023-05-13,57,F,14.3,12.45,92.2,No,Normal,No
SCR-00483,Niger,Zinder,IRC,2024-11-12,19,M,13.5,6.32,69.5,No,Normal,No
SCR-00484,Chad,Borkou,WFP,2024-04-16,20,M,13.4,3.1,66.2,No,Normal,No
SCR-00485,Burkina Faso,Centre,MSF,2023-07-11,41,M,13.6,7.18,88.2,No,Normal,No
SCR-00486,Burkina Faso,Centre,SPONG,2023-05-13,43,M,11.1,5.46,91.1,No,SAM,No
SCR-00487,Niger,Maradi,WFP,2024-12-19,58,F,14.9,1.3,68.7,No,Normal,No
SCR-00488,Niger,Agadez,MSF,2023-11-04,42,F,12.6,7.71,68.0,No,Normal,No
SCR-00489,Burkina Faso,Sahel,WFP,2023-06-18,23,M,11.1,11.38,59.3,No,SAM,Yes
SCR-00490,Chad,Ouaddai,SPONG,2023-01-18,33,M,15.5,9.24,68.1,No,Normal,No
SCR-00491,Burkina Faso,Centre,MSF,2024-09-08,27,M,11.4,8.73,66.0,No,SAM,Yes
SCR-00492,Chad,Borkou,SPONG,2024-11-27,31,F,11.5,7.65,67.1,No,MAM,No
SCR-00493,Chad,Lac,MSF,2023-11-30,56,M,11.5,6.95,126.5,Yes,SAM,Yes
SCR-00494,Mali,Bamako,MSF,2024-11-23,56,F,11.0,11.98,68.8,No,SAM,No
SCR-00495,Burkina Faso,Cascades,ACF,2023-04-12,57,F,11.1,8.93,95.2,No,SAM,No
SCR-00496,Chad,Ouaddai,WFP,2024-06-14,28,F,10.7,7.33,61.5,No,SAM,Yes
SCR-00497,Niger,Zinder,WFP,2023-05-27,40,F,11.8,12.94,85.1,No,MAM,No
SCR-00498,Niger,Zinder,SPONG,2024-11-26,27,F,15.0,8.82,82.1,No,Normal,No
SCR-00499,Mali,Mopti,UNICEF,2023-09-29,28,F,13.4,11.45,100.3,No,Normal,No
SCR-00500,Burkina Faso,Nord,SPONG,2024-04-09,42,F,12.8,9.57,57.1,No,Normal,No
SCR-00501,Mali,Bamako,UNICEF,2024-05-01,55,M,16.3,10.3,88.3,No,Normal,No
SCR-00502,Chad,Kanem,ACF,2023-08-11,7,F,11.5,10.33,76.7,No,MAM,No
SCR-00503,Chad,Borkou,IRC,2024-08-27,42,F,14.0,7.19,79.4,No,Normal,No
SCR-00504,Niger,Niamey,WFP,2023-06-07,49,F,11.3,6.12,46.5,No,SAM,Yes
SCR-00505,Niger,Agadez,SPONG,2023-04-20,54,M,12.2,10.44,73.8,No,MAM,No
SCR-00506,Chad,N'Djamena,SPONG,2024-01-24,58,F,14.8,8.77,88.7,No,Normal,No
SCR-00507,Burkina Faso,Sahel,IRC,2023-06-13,17,M,11.9,12.5,64.8,Yes,SAM,No
SCR-00508,Chad,Borkou,IRC,2024-08-12,54,F,12.0,6.6,93.5,No,MAM,Yes
SCR-00509,Niger,Diffa,MSF,2023-04-11,22,F,11.5,7.4,64.8,No,MAM,Yes
SCR-00510,Niger,Agadez,SPONG,2023-05-16,29,F,13.6,6.08,89.9,No,Normal,No
SCR-00511,Niger,Zinder,MSF,2023-02-23,9,M,11.9,9.52,76.4,No,MAM,No
SCR-00512,Chad,Kanem,UNICEF,2023-05-26,35,M,13.2,9.41,84.3,No,Normal,No
SCR-00513,Niger,Maradi,ACF,2023-02-10,26,F,13.6,3.64,67.7,No,Normal,No
SCR-00514,Mali,Gao,ACF,2024-11-13,55,F,13.2,7.32,78.0,No,Normal,No
SCR-00515,Burkina Faso,Sahel,WFP,2024-03-31,16,M,12.0,9.66,68.8,No,MAM,Yes
SCR-00516,Chad,Kanem,MSF,2023-12-08,31,M,13.7,6.1,89.5,No,Normal,No
SCR-00517,Mali,Mopti,MSF,2024-07-10,47,M,8.8,3.29,84.5,No,SAM,No
SCR-00518,Chad,Borkou,SPONG,2023-12-02,44,F,10.4,8.09,85.7,No,SAM,Yes
SCR-00519,Burkina Faso,Est,ACF,2023-03-18,29,F,11.5,7.44,67.9,No,MAM,No
SCR-00520,Niger,Maradi,ACF,2023-08-18,38,F,11.4,9.53,70.2,No,SAM,Yes
SCR-00521,Chad,Kanem,IRC,2023-10-16,56,M,13.4,9.44,66.4,No,Normal,No
SCR-00522,Burkina Faso,Cascades,MSF,2024-11-24,59,F,11.5,6.02,65.4,No,MAM,Yes
SCR-00523,Chad,Ouaddai,SPONG,2023-07-01,23,M,17.7,5.33,115.9,No,Normal,No
SCR-00524,Chad,Lac,SPONG,2023-02-17,58,F,13.5,10.11,89.3,No,Normal,No
SCR-00525,Chad,Kanem,WFP,2024-01-09,54,M,17.4,11.73,82.1,No,Normal,No
SCR-00526,Burkina Faso,Nord,MSF,2024-02-20,25,M,17.1,8.99,75.0,No,Normal,No
SCR-00527,Niger,Niamey,WFP,2024-10-29,12,M,15.5,14.06,73.0,No,Normal,No
SCR-00528,Burkina Faso,Nord,SPONG,2024-10-27,16,F,13.7,9.82,79.7,No,Normal,No
SCR-00529,Chad,Kanem,SPONG,2024-09-12,58,M,10.7,9.99,97.5,No,SAM,Yes
SCR-00530,Chad,Borkou,IRC,2023-03-09,10,F,14.0,9.44,63.4,No,Normal,No
SCR-00531,Mali,Mopti,UNICEF,2024-02-02,58,F,10.5,8.15,89.9,No,SAM,Yes
SCR-00532,Mali,Mopti,MSF,2024-11-22,10,M,10.8,9.17,103.4,No,SAM,Yes
SCR-00533,Niger,Diffa,MSF,2023-09-29,22,M,13.4,7.75,98.3,No,Normal,No
SCR-00534,Niger,Niamey,UNICEF,2023-10-09,58,F,10.3,10.74,78.4,No,SAM,Yes
SCR-00535,Burkina Faso,Sahel,ACF,2023-11-14,44,M,11.8,9.64,60.5,No,MAM,Yes
SCR-00536,Mali,Bamako,ACF,2023-09-24,42,M,8.4,10.68,65.2,No,SAM,No
SCR-00537,Chad,N'Djamena,SPONG,2023-07-13,53,M,17.1,10.11,69.6,No,Normal,No
SCR-00538,Chad,Ouaddai,IRC,2024-07-18,49,M,16.5,9.6,88.0,No,Normal,No
SCR-00539,Mali,Bamako,IRC,2024-12-15,20,F,11.7,7.21,66.9,No,MAM,No
SCR-00540,Mali,Segou,IRC,2024-02-23,25,M,17.5,8.0,69.6,No,Normal,No
SCR-00541,Burkina Faso,Centre,WFP,2023-09-03,58,M,14.4,9.47,79.0,No,Normal,No
SCR-00542,Chad,Ouaddai,IRC,2024-04-07,16,F,8.5,9.78,68.6,Yes,SAM,No
SCR-00543,Burkina Faso,Sahel,WFP,2023-03-26,40,M,14.8,8.36,84.5,No,Normal,No
SCR-00544,Mali,Bamako,UNICEF,2024-04-06,58,F,9.3,10.93,49.5,No,SAM,Yes
SCR-00545,Mali,Bamako,ACF,2024-07-18,48,M,14.3,5.45,60.0,No,Normal,No
SCR-00546,Chad,N'Djamena,IRC,2024-02-28,12,M,14.2,8.09,64.3,No,Normal,No
SCR-00547,Mali,Tombouctou,MSF,2024-06-04,20,F,16.4,5.16,78.3,No,Normal,No
SCR-00548,Mali,Segou,ACF,2023-08-28,28,M,11.6,7.57,81.2,No,MAM,Yes
SCR-00549,Burkina Faso,Est,WFP,2024-11-12,9,M,11.8,7.21,77.3,No,MAM,Yes
SCR-00550,Mali,Tombouctou,ACF,2023-11-26,29,F,11.4,8.19,77.4,No,SAM,No
SCR-00551,Burkina Faso,Nord,WFP,2024-08-23,59,M,13.4,9.01,44.9,No,Normal,No
SCR-00552,Burkina Faso,Centre,SPONG,2023-07-28,46,M,14.7,9.05,82.6,No,Normal,No
SCR-00553,Niger,Niamey,ACF,2024-02-02,15,M,10.1,12.42,32.6,No,SAM,No
SCR-00554,Niger,Diffa,WFP,2024-07-05,12,M,11.8,11.2,90.5,Yes,SAM,No
SCR-00555,Mali,Bamako,MSF,2023-05-21,29,F,14.4,11.52,67.0,No,Normal,No
SCR-00556,Chad,N'Djamena,MSF,2024-04-02,29,M,12.9,12.72,81.2,No,Normal,No
SCR-00557,Mali,Segou,IRC,2024-04-24,9,M,14.5,8.41,54.7,No,Normal,No
SCR-00558,Niger,Diffa,MSF,2024-02-19,8,F,14.5,9.67,69.5,No,Normal,No
SCR-00559,Chad,Kanem,UNICEF,2024-01-21,32,F,13.9,9.74,62.7,No,Normal,No
SCR-00560,Chad,N'Djamena,WFP,2024-12-21,54,M,12.6,9.92,64.4,No,Normal,No
SCR-00561,Niger,Agadez,IRC,2023-08-01,59,F,16.0,3.53,100.5,No,Normal,No
SCR-00562,Burkina Faso,Nord,UNICEF,2023-05-29,6,M,13.0,6.14,74.9,No,Normal,No
SCR-00563,Burkina Faso,Cascades,MSF,2024-05-05,28,M,11.9,9.61,59.7,No,MAM,No
SCR-00564,Niger,Zinder,UNICEF,2023-08-03,50,M,15.4,9.48,81.0,No,Normal,No
SCR-00565,Chad,Ouaddai,SPONG,2024-06-28,30,F,10.0,10.33,60.0,No,SAM,No
SCR-00566,Mali,Gao,SPONG,2023-09-30,18,M,10.6,6.03,61.1,No,SAM,Yes
SCR-00567,Burkina Faso,Nord,IRC,2024-11-02,59,F,13.6,12.75,76.3,No,Normal,No
SCR-00568,Burkina Faso,Centre,IRC,2024-12-01,54,F,14.1,3.25,73.8,No,Normal,No
SCR-00569,Burkina Faso,Sahel,UNICEF,2023-10-01,57,M,7.5,7.28,67.8,No,SAM,No
SCR-00570,Mali,Gao,IRC,2024-10-15,39,M,15.7,9.95,55.2,No,Normal,No
SCR-00571,Chad,Kanem,SPONG,2023-04-26,59,M,13.1,11.0,92.1,No,Normal,No
SCR-00572,Niger,Agadez,ACF,2023-07-01,17,F,16.1,7.97,89.8,No,Normal,No
SCR-00573,Chad,N'Djamena,MSF,2023-12-22,41,M,13.9,11.37,63.5,Yes,SAM,Yes
SCR-00574,Chad,N'Djamena,WFP,2023-04-11,22,F,15.8,12.09,77.1,No,Normal,No
SCR-00575,Burkina Faso,Cascades,ACF,2023-03-07,33,F,13.0,10.07,66.6,No,Normal,No
SCR-00576,Niger,Niamey,SPONG,2023-12-13,26,F,13.0,4.25,74.2,No,Normal,No
SCR-00577,Chad,Ouaddai,MSF,2023-12-23,52,M,10.9,9.88,86.2,No,SAM,No
SCR-00578,Niger,Maradi,SPONG,2023-07-16,17,F,12.8,6.63,93.4,No,Normal,No
SCR-00579,Mali,Mopti,MSF,2024-05-25,47,F,14.9,13.84,60.6,Yes,SAM,Yes
SCR-00580,Mali,Gao,SPONG,2023-07-28,53,F,12.4,11.4,77.8,No,MAM,Yes
SCR-00581,Mali,Gao,ACF,2023-09-27,8,F,17.6,10.97,79.8,No,Normal,No
SCR-00582,Mali,Bamako,IRC,2024-06-08,53,M,12.1,11.63,80.6,No,MAM,Yes
SCR-00583,Chad,N'Djamena,ACF,2023-04-06,14,F,15.1,12.76,98.7,Yes,SAM,No
SCR-00584,Burkina Faso,Cascades,MSF,2023-11-19,15,M,12.1,5.56,70.6,No,MAM,Yes
SCR-00585,Burkina Faso,Nord,SPONG,2024-08-13,25,F,9.6,8.52,74.3,No,SAM,Yes
SCR-00586,Chad,N'Djamena,WFP,2023-10-29,10,F,15.1,8.79,87.6,No,Normal,No
SCR-00587,Chad,N'Djamena,MSF,2024-04-21,40,M,10.4,13.76,70.6,No,SAM,Yes
SCR-00588,Mali,Tombouctou,UNICEF,2024-04-25,47,F,12.2,10.91,71.9,Yes,SAM,No
SCR-00589,Mali,Bamako,UNICEF,2024-09-27,48,F,13.3,6.7,73.9,No,Normal,No
SCR-00590,Chad,Kanem,UNICEF,2023-12-19,12,M,15.2,5.47,92.7,No,Normal,No
SCR-00591,Mali,Segou,UNICEF,2024-02-23,31,M,15.3,5.69,80.4,No,Normal,No
SCR-00592,Burkina Faso,Nord,MSF,2024-07-16,33,M,16.2,6.58,69.5,No,Normal,No
SCR-00593,Burkina Faso,Cascades,IRC,2024-05-23,52,F,17.6,11.54,63.2,No,Normal,No
SCR-00594,Mali,Segou,UNICEF,2023-02-11,51,F,10.3,5.19,80.8,No,SAM,No
SCR-00595,Mali,Bamako,UNICEF,2024-04-07,59,M,13.0,5.25,59.0,No,Normal,No
SCR-00596,Niger,Agadez,SPONG,2024-07-27,24,M,15.3,11.81,71.5,No,Normal,No
SCR-00597,Mali,Bamako,UNICEF,2024-08-15,6,M,15.5,5.5,87.5,No,Normal,No
SCR-00598,Chad,Ouaddai,ACF,2023-03-20,36,M,14.1,8.99,96.4,No,Normal,No
SCR-00599,Mali,Segou,UNICEF,2023-03-13,29,M,12.8,6.87,77.4,No,Normal,No
SCR-00600,Chad,Kanem,IRC,2024-08-12,30,M,11.4,8.24,103.9,No,SAM,Yes
SCR-00601,Niger,Agadez,ACF,2024-09-03,37,M,12.4,12.11,78.7,Yes,SAM,Yes
SCR-00602,Chad,N'Djamena,MSF,2024-05-05,58,M,11.4,10.91,57.0,No,SAM,Yes
SCR-00603,Mali,Mopti,IRC,2023-12-09,35,M,13.8,5.35,92.0,No,Normal,No
SCR-00604,Niger,Niamey,MSF,2024-11-12,32,F,12.9,6.07,74.8,No,Normal,No
SCR-00605,Mali,Mopti,MSF,2023-03-18,53,M,14.2,10.54,92.3,No,Normal,No
SCR-00606,Burkina Faso,Nord,MSF,2024-05-05,19,F,16.0,6.89,67.9,No,Normal,No
SCR-00607,Chad,Kanem,UNICEF,2024-12-30,44,M,11.3,9.04,78.3,No,SAM,Yes
SCR-00608,Chad,Ouaddai,SPONG,2023-04-01,30,F,13.4,6.95,69.6,No,Normal,No
SCR-00609,Chad,N'Djamena,IRC,2024-02-16,50,M,13.6,10.81,58.3,No,Normal,No
SCR-00610,Burkina Faso,Nord,SPONG,2024-07-13,56,F,12.3,5.71,83.1,No,MAM,Yes
SCR-00611,Burkina Faso,Cascades,UNICEF,2024-03-04,23,M,12.8,9.32,70.8,No,Normal,No
SCR-00612,Burkina Faso,Centre,MSF,2024-04-18,13,M,14.7,3.05,94.8,No,Normal,No
SCR-00613,Mali,Bamako,WFP,2024-03-12,52,M,14.9,5.11,79.3,No,Normal,No
SCR-00614,Niger,Maradi,ACF,2024-11-01,50,M,11.9,8.81,105.6,No,MAM,No
SCR-00615,Chad,Ouaddai,ACF,2023-05-30,23,M,9.9,9.6,71.4,No,SAM,Yes
SCR-00616,Niger,Diffa,WFP,2024-02-09,6,M,15.4,11.99,80.9,No,Normal,No
SCR-00617,Chad,Borkou,IRC,2023-09-09,21,M,15.1,7.36,85.5,No,Normal,No
SCR-00618,Burkina Faso,Sahel,MSF,2024-04-25,30,F,15.1,9.27,93.0,No,Normal,No
SCR-00619,Chad,Kanem,UNICEF,2023-07-22,59,F,10.5,6.59,56.6,No,SAM,Yes
SCR-00620,Chad,N'Djamena,IRC,2023-06-15,20,M,14.2,9.21,87.2,No,Normal,No
SCR-00621,Niger,Diffa,MSF,2023-08-02,11,F,12.1,12.16,72.6,No,MAM,Yes
SCR-00622,Burkina Faso,Centre,UNICEF,2023-04-13,36,F,10.2,9.1,83.0,No,SAM,Yes
SCR-00623,Burkina Faso,Est,IRC,2023-06-30,56,M,15.7,4.28,92.9,No,Normal,No
SCR-00624,Mali,Mopti,IRC,2024-07-29,40,F,12.3,11.51,103.0,No,MAM,Yes
SCR-00625,Chad,Ouaddai,IRC,2024-10-07,50,F,9.2,2.32,87.0,No,SAM,Yes
SCR-00626,Chad,Borkou,SPONG,2023-05-07,18,F,11.9,10.59,82.5,No,MAM,Yes
SCR-00627,Mali,Tombouctou,SPONG,2023-11-23,48,M,15.1,10.11,110.2,No,Normal,No
SCR-00628,Mali,Tombouctou,ACF,2024-11-05,39,F,12.1,2.66,66.1,No,MAM,No
SCR-00629,Burkina Faso,Est,ACF,2023-08-22,26,F,13.0,7.24,86.8,No,Normal,No
SCR-00630,Chad,Ouaddai,MSF,2023-11-05,40,M,13.1,9.84,59.5,No,Normal,No
SCR-00631,Burkina Faso,Centre,IRC,2023-08-09,22,F,12.0,9.88,83.1,No,MAM,Yes
SCR-00632,Chad,Borkou,MSF,2024-09-25,7,M,14.8,7.39,69.7,No,Normal,No
SCR-00633,Niger,Agadez,SPONG,2023-08-03,56,M,10.8,9.34,84.3,No,SAM,No
SCR-00634,Chad,N'Djamena,IRC,2023-12-25,37,F,9.4,5.02,65.6,No,SAM,Yes
SCR-00635,Chad,N'Djamena,IRC,2023-11-03,51,M,12.5,14.91,79.4,No,Normal,No
SCR-00636,Niger,Diffa,ACF,2023-07-13,13,F,15.3,12.17,41.9,No,Normal,No
SCR-00637,Chad,Kanem,IRC,2024-12-15,45,F,12.2,12.05,88.6,No,MAM,Yes
SCR-00638,Burkina Faso,Nord,UNICEF,2024-08-31,43,F,9.1,11.03,93.7,No,SAM,Yes
SCR-00639,Burkina Faso,Centre,MSF,2024-09-14,47,F,15.0,8.63,47.1,No,Normal,No
SCR-00640,Chad,N'Djamena,ACF,2023-06-17,58,M,11.5,3.49,95.5,No,MAM,Yes
SCR-00641,Chad,Ouaddai,SPONG,2023-10-09,54,F,14.6,8.06,81.9,No,Normal,No
SCR-00642,Niger,Zinder,MSF,2024-06-25,57,F,14.0,3.11,83.0,No,Normal,No
SCR-00643,Niger,Agadez,MSF,2024-02-15,29,F,12.3,7.55,52.9,No,MAM,No
SCR-00644,Niger,Niamey,UNICEF,2024-11-18,41,M,12.9,9.62,108.1,No,Normal,No
SCR-00645,Burkina Faso,Nord,WFP,2024-10-24,14,F,11.6,6.58,94.7,No,MAM,Yes
SCR-00646,Niger,Maradi,ACF,2024-10-30,28,M,16.1,7.61,72.5,No,Normal,No
SCR-00647,Niger,Niamey,MSF,2024-01-31,56,M,13.3,7.45,69.0,No,Normal,No
SCR-00648,Niger,Zinder,WFP,2024-11-18,27,M,10.7,3.92,74.5,Yes,SAM,No
SCR-00649,Chad,Ouaddai,IRC,2023-11-12,24,F,16.1,11.82,64.3,No,Normal,No
SCR-00650,Niger,Maradi,SPONG,2024-07-12,11,M,14.1,10.82,65.2,No,Normal,No
SCR-00651,Mali,Tombouctou,UNICEF,2024-03-12,6,M,11.9,9.4,69.4,No,MAM,Yes
SCR-00652,Burkina Faso,Nord,WFP,2023-09-01,56,F,12.9,10.27,69.7,No,Normal,No
SCR-00653,Chad,Ouaddai,SPONG,2024-03-06,46,F,15.5,9.1,70.9,No,Normal,No
SCR-00654,Chad,Ouaddai,WFP,2023-07-27,42,M,13.8,12.96,64.6,No,Normal,No
SCR-00655,Chad,Kanem,WFP,2024-05-10,16,F,15.5,6.35,91.2,No,Normal,No
SCR-00656,Mali,Gao,WFP,2023-04-26,48,M,15.3,7.16,76.5,No,Normal,No
SCR-00657,Mali,Mopti,SPONG,2024-09-21,11,M,9.4,4.33,85.3,No,SAM,No
SCR-00658,Burkina Faso,Nord,WFP,2023-08-25,51,M,9.1,5.9,89.7,No,SAM,Yes
SCR-00659,Chad,Lac,UNICEF,2023-11-11,19,F,11.5,6.6,88.7,No,MAM,No
SCR-00660,Burkina Faso,Cascades,WFP,2023-12-21,36,M,13.2,9.5,77.9,No,Normal,No
SCR-00661,Burkina Faso,Sahel,UNICEF,2024-07-25,6,M,12.3,13.54,73.4,No,MAM,Yes
SCR-00662,Chad,Lac,SPONG,2023-04-13,46,F,12.2,8.74,88.9,No,MAM,Yes
SCR-00663,Burkina Faso,Cascades,MSF,2023-01-11,41,F,11.8,10.26,71.4,No,MAM,Yes
SCR-00664,Burkina Faso,Nord,IRC,2024-01-22,27,M,14.1,3.52,85.5,No,Normal,No
SCR-00665,Niger,Zinder,UNICEF,2023-10-08,6,F,11.4,6.78,68.3,Yes,SAM,Yes
SCR-00666,Mali,Tombouctou,UNICEF,2024-06-11,18,M,11.5,5.47,85.5,No,MAM,Yes
SCR-00667,Niger,Niamey,ACF,2023-01-06,9,F,14.2,7.59,79.3,No,Normal,No
SCR-00668,Burkina Faso,Sahel,UNICEF,2024-02-26,20,M,8.3,5.77,73.9,Yes,SAM,Yes
SCR-00669,Burkina Faso,Nord,IRC,2024-03-13,25,M,12.7,6.85,90.8,No,Normal,No
SCR-00670,Burkina Faso,Nord,SPONG,2023-01-04,59,F,11.4,4.13,61.4,No,SAM,Yes
SCR-00671,Chad,Borkou,IRC,2024-05-16,16,F,15.1,3.99,95.7,No,Normal,No
SCR-00672,Mali,Gao,ACF,2023-07-11,51,M,10.8,9.15,57.3,No,SAM,Yes
SCR-00673,Mali,Bamako,IRC,2023-07-17,14,M,10.8,9.82,87.7,No,SAM,Yes
SCR-00674,Burkina Faso,Nord,IRC,2024-03-09,27,F,14.0,8.13,63.1,No,Normal,No
SCR-00675,Burkina Faso,Nord,SPONG,2023-07-04,41,M,8.9,12.21,62.3,No,SAM,Yes
SCR-00676,Burkina Faso,Est,WFP,2024-11-28,37,F,10.9,7.66,91.3,No,SAM,No
SCR-00677,Niger,Diffa,ACF,2023-01-06,44,F,10.1,8.18,75.7,No,SAM,Yes
SCR-00678,Chad,Kanem,MSF,2023-02-07,8,F,10.9,8.62,64.4,No,SAM,No
SCR-00679,Niger,Niamey,SPONG,2023-10-12,23,M,9.4,5.78,59.9,No,SAM,No
SCR-00680,Niger,Agadez,IRC,2024-11-24,55,F,15.8,4.79,68.9,No,Normal,No
SCR-00681,Mali,Gao,SPONG,2023-04-25,8,M,8.8,6.32,95.6,No,SAM,Yes
SCR-00682,Mali,Tombouctou,WFP,2023-06-21,23,F,14.2,12.94,91.7,No,Normal,No
SCR-00683,Burkina Faso,Sahel,UNICEF,2023-01-17,20,M,9.6,10.27,71.6,No,SAM,Yes
SCR-00684,Niger,Agadez,WFP,2023-01-25,37,F,13.1,8.48,105.2,No,Normal,No
SCR-00685,Chad,Borkou,MSF,2023-03-24,10,F,10.1,7.06,81.6,No,SAM,Yes
SCR-00686,Burkina Faso,Centre,MSF,2024-04-10,34,M,12.6,7.21,81.6,No,Normal,No
SCR-00687,Niger,Agadez,MSF,2024-02-12,8,F,10.2,9.53,46.9,No,SAM,Yes
SCR-00688,Niger,Zinder,WFP,2024-09-20,43,F,14.5,7.48,50.4,No,Normal,No
SCR-00689,Mali,Tombouctou,IRC,2023-12-16,29,M,15.7,8.79,73.5,No,Normal,No
SCR-00690,Burkina Faso,Centre,MSF,2023-04-09,37,F,12.2,11.51,67.0,No,MAM,Yes
SCR-00691,Burkina Faso,Cascades,IRC,2024-02-27,7,F,8.8,9.7,62.5,No,SAM,Yes
SCR-00692,Burkina Faso,Est,WFP,2023-05-22,53,M,12.5,3.48,84.9,No,Normal,No
SCR-00693,Chad,Lac,ACF,2024-02-09,39,F,10.2,5.89,81.6,No,SAM,No
SCR-00694,Burkina Faso,Sahel,ACF,2023-10-30,20,M,15.8,5.12,48.1,No,Normal,No
SCR-00695,Chad,Lac,ACF,2023-05-28,15,M,9.2,5.6,80.0,No,SAM,Yes
SCR-00696,Mali,Tombouctou,WFP,2024-04-12,9,F,14.1,4.67,40.2,No,Normal,No
SCR-00697,Niger,Agadez,ACF,2023-04-27,56,M,12.5,8.31,71.2,No,Normal,No
SCR-00698,Niger,Zinder,MSF,2024-03-07,36,F,15.8,9.18,79.0,No,Normal,No
SCR-00699,Niger,Niamey,SPONG,2023-04-24,24,M,14.5,14.41,69.3,No,Normal,No
SCR-00700,Chad,Ouaddai,SPONG,2023-01-16,45,M,15.7,14.12,87.0,No,Normal,No
SCR-00701,Burkina Faso,Est,SPONG,2023-04-23,43,M,10.9,8.74,90.3,No,SAM,Yes
SCR-00702,Niger,Maradi,WFP,2023-09-18,45,F,12.9,11.24,73.8,No,Normal,No
SCR-00703,Niger,Diffa,MSF,2023-08-12,58,F,10.9,5.66,75.2,No,SAM,No
SCR-00704,Chad,Ouaddai,MSF,2024-04-19,25,F,10.1,10.2,72.8,No,SAM,Yes
SCR-00705,Chad,Borkou,WFP,2023-09-19,36,F,10.2,2.54,79.9,Yes,SAM,No
SCR-00706,Burkina Faso,Sahel,MSF,2023-08-08,15,M,10.6,9.07,73.1,No,SAM,Yes
SCR-00707,Niger,Maradi,WFP,2024-02-21,17,M,13.9,9.47,74.9,No,Normal,No
SCR-00708,Burkina Faso,Nord,UNICEF,2024-06-30,18,F,12.8,7.53,83.6,No,Normal,No
SCR-00709,Niger,Agadez,SPONG,2024-11-02,51,M,11.4,9.34,78.2,No,SAM,Yes
SCR-00710,Niger,Niamey,SPONG,2024-06-09,25,F,15.1,6.47,67.9,Yes,SAM,Yes
SCR-00711,Niger,Maradi,MSF,2023-07-01,51,M,12.5,3.75,73.1,No,Normal,No
SCR-00712,Mali,Mopti,SPONG,2023-03-18,48,M,10.3,9.63,79.4,No,SAM,Yes
SCR-00713,Niger,Diffa,SPONG,2023-03-07,39,F,14.4,5.3,48.4,No,Normal,No
SCR-00714,Chad,N'Djamena,IRC,2023-09-29,21,M,12.9,7.89,93.6,No,Normal,No
SCR-00715,Chad,Lac,WFP,2024-04-18,59,M,15.0,9.32,81.1,No,Normal,No
SCR-00716,Burkina Faso,Centre,SPONG,2024-07-26,21,M,12.3,3.61,84.9,No,MAM,Yes
SCR-00717,Mali,Tombouctou,UNICEF,2024-07-24,51,M,14.7,6.23,60.8,No,Normal,No
SCR-00718,Niger,Maradi,IRC,2023-10-17,22,F,16.3,5.5,89.4,No,Normal,No
SCR-00719,Niger,Niamey,IRC,2023-12-08,41,M,13.2,4.0,62.7,No,Normal,No
SCR-00720,Chad,Ouaddai,MSF,2024-05-10,38,F,12.9,11.82,70.9,No,Normal,No
SCR-00721,Chad,N'Djamena,SPONG,2023-12-13,25,F,15.5,8.28,93.9,No,Normal,No
SCR-00722,Mali,Bamako,MSF,2023-03-31,21,M,12.5,5.58,57.7,No,Normal,No
SCR-00723,Chad,Borkou,SPONG,2024-05-22,29,F,13.4,6.98,104.7,Yes,SAM,No
SCR-00724,Niger,Niamey,ACF,2024-07-29,8,F,14.4,8.93,105.3,No,Normal,No
SCR-00725,Burkina Faso,Est,UNICEF,2024-08-02,49,F,18.7,8.27,93.4,No,Normal,No
SCR-00726,Mali,Mopti,WFP,2024-12-30,22,F,13.4,9.17,92.5,No,Normal,No
SCR-00727,Mali,Gao,ACF,2024-08-19,23,M,14.6,9.84,124.8,No,Normal,No
SCR-00728,Chad,Lac,IRC,2023-01-25,14,F,12.3,11.15,77.3,No,MAM,Yes
SCR-00729,Chad,Kanem,UNICEF,2023-03-25,49,M,12.6,4.9,60.8,No,Normal,No
SCR-00730,Chad,Ouaddai,MSF,2024-11-12,26,F,11.5,12.27,86.3,No,MAM,Yes
SCR-00731,Niger,Niamey,ACF,2023-02-09,8,M,13.5,10.09,75.7,No,Normal,No
SCR-00732,Mali,Tombouctou,IRC,2024-05-16,54,F,9.8,5.44,78.4,No,SAM,Yes
SCR-00733,Chad,Lac,IRC,2024-12-15,21,M,14.9,8.93,82.9,No,Normal,No
SCR-00734,Chad,N'Djamena,UNICEF,2023-01-04,27,M,13.9,8.01,59.9,No,Normal,No
SCR-00735,Burkina Faso,Cascades,UNICEF,2024-04-11,16,M,11.3,11.97,62.9,No,SAM,Yes
SCR-00736,Mali,Bamako,WFP,2024-01-29,50,F,17.8,10.78,90.6,No,Normal,No
SCR-00737,Chad,Kanem,ACF,2023-09-10,10,M,14.3,13.6,82.5,No,Normal,No
SCR-00738,Chad,Kanem,WFP,2023-02-22,58,M,7.5,10.28,82.9,No,SAM,Yes
SCR-00739,Burkina Faso,Centre,MSF,2024-07-28,48,F,13.6,9.06,61.6,No,Normal,No
SCR-00740,Chad,N'Djamena,ACF,2023-09-08,8,F,11.8,5.49,78.3,No,MAM,Yes
SCR-00741,Niger,Maradi,IRC,2024-05-25,29,F,15.1,12.64,64.2,No,Normal,No
SCR-00742,Mali,Gao,ACF,2023-05-02,45,M,13.4,8.23,78.8,No,Normal,No
SCR-00743,Burkina Faso,Sahel,IRC,2024-03-05,32,M,15.1,8.54,100.4,No,Normal,No
SCR-00744,Burkina Faso,Nord,UNICEF,2023-08-06,7,M,14.4,8.43,84.0,No,Normal,No
SCR-00745,Chad,N'Djamena,WFP,2024-12-29,35,M,10.6,6.05,54.4,No,SAM,Yes
SCR-00746,Burkina Faso,Est,ACF,2024-08-02,32,M,10.0,10.12,86.2,No,SAM,No
SCR-00747,Mali,Bamako,ACF,2023-06-20,25,F,12.6,11.54,60.7,No,Normal,No
SCR-00748,Burkina Faso,Sahel,IRC,2023-09-13,23,M,12.2,5.3,77.8,No,MAM,Yes
SCR-00749,Niger,Maradi,SPONG,2024-10-15,51,M,12.1,9.93,70.1,No,MAM,Yes
SCR-00750,Chad,Ouaddai,IRC,2024-02-08,59,F,12.4,9.62,71.5,No,MAM,Yes
SCR-00751,Burkina Faso,Cascades,SPONG,2024-11-06,57,F,13.4,7.85,105.0,No,Normal,No
SCR-00752,Burkina Faso,Cascades,UNICEF,2023-10-14,32,M,11.6,9.08,80.1,No,MAM,Yes
SCR-00753,Mali,Bamako,WFP,2024-03-13,48,F,12.0,10.15,71.3,Yes,SAM,No
SCR-00754,Niger,Diffa,ACF,2024-01-27,12,M,11.7,10.25,85.3,No,MAM,No
SCR-00755,Chad,Ouaddai,SPONG,2023-11-17,37,M,9.1,6.48,77.6,No,SAM,Yes
SCR-00756,Niger,Zinder,IRC,2024-04-06,36,M,15.2,8.19,67.1,No,Normal,No
SCR-00757,Mali,Segou,ACF,2024-10-17,53,M,13.9,11.29,65.9,No,Normal,No
SCR-00758,Niger,Agadez,MSF,2024-09-11,57,F,16.1,6.11,78.5,Yes,SAM,No
SCR-00759,Niger,Niamey,WFP,2023-08-29,52,F,13.0,5.23,77.8,No,Normal,No
SCR-00760,Burkina Faso,Sahel,SPONG,2024-03-18,37,F,11.7,8.45,53.6,No,MAM,Yes
SCR-00761,Chad,Lac,MSF,2023-02-20,36,F,13.9,8.27,68.8,No,Normal,No
SCR-00762,Mali,Bamako,MSF,2023-09-05,8,M,13.3,10.43,66.4,No,Normal,No
SCR-00763,Niger,Agadez,IRC,2023-06-09,54,F,12.3,12.19,78.4,No,MAM,Yes
SCR-00764,Chad,N'Djamena,SPONG,2024-03-17,19,M,11.6,7.28,87.0,No,MAM,No
SCR-00765,Chad,N'Djamena,WFP,2023-06-22,43,M,13.5,8.27,81.9,No,Normal,No
SCR-00766,Niger,Niamey,MSF,2023-10-19,47,F,15.7,7.64,101.2,Yes,SAM,Yes
SCR-00767,Chad,Kanem,SPONG,2024-09-05,52,M,11.9,9.5,62.6,No,MAM,Yes
SCR-00768,Niger,Agadez,WFP,2023-03-22,7,M,10.7,5.5,70.8,No,SAM,Yes
SCR-00769,Mali,Gao,WFP,2023-05-07,28,F,8.7,12.13,70.6,No,SAM,No
SCR-00770,Niger,Maradi,ACF,2023-06-27,36,M,14.0,6.21,74.7,No,Normal,No
SCR-00771,Burkina Faso,Est,IRC,2023-11-01,8,M,15.7,13.28,88.9,No,Normal,No
SCR-00772,Niger,Niamey,WFP,2023-01-25,22,M,10.3,5.06,86.4,No,SAM,Yes
SCR-00773,Mali,Gao,MSF,2024-12-27,17,F,12.6,9.01,73.6,No,Normal,No
SCR-00774,Niger,Maradi,UNICEF,2023-11-08,50,F,15.6,7.7,87.3,Yes,SAM,Yes
SCR-00775,Niger,Agadez,IRC,2024-07-29,35,M,9.8,7.46,81.5,No,SAM,Yes
SCR-00776,Chad,N'Djamena,ACF,2024-01-09,19,F,18.2,8.18,79.8,No,Normal,No
SCR-00777,Burkina Faso,Centre,SPONG,2023-10-13,17,M,15.8,10.05,76.8,No,Normal,No
SCR-00778,Mali,Bamako,IRC,2024-09-01,10,M,10.1,6.23,52.1,No,SAM,Yes
SCR-00779,Burkina Faso,Est,IRC,2024-08-09,48,M,10.8,10.09,110.2,No,SAM,No
SCR-00780,Mali,Mopti,ACF,2023-07-26,14,F,11.8,8.15,89.3,No,MAM,Yes
SCR-00781,Chad,Borkou,SPONG,2024-07-23,25,M,12.5,8.96,87.8,No,Normal,No
SCR-00782,Niger,Diffa,ACF,2023-09-16,14,M,13.5,8.04,69.8,No,Normal,No
SCR-00783,Mali,Bamako,ACF,2023-02-05,9,M,12.4,4.41,86.0,No,MAM,Yes
SCR-00784,Burkina Faso,Nord,IRC,2023-10-21,25,F,12.4,13.74,70.8,No,MAM,Yes
SCR-00785,Burkina Faso,Centre,MSF,2024-04-07,55,F,13.8,9.37,61.0,No,Normal,No
SCR-00786,Burkina Faso,Nord,SPONG,2024-09-27,11,F,11.1,10.09,51.9,No,SAM,Yes
SCR-00787,Mali,Mopti,SPONG,2024-03-17,35,M,15.1,11.46,66.7,No,Normal,No
SCR-00788,Burkina Faso,Nord,ACF,2023-11-03,39,F,13.1,8.44,68.1,No,Normal,No
SCR-00789,Niger,Diffa,SPONG,2023-05-27,23,M,15.2,5.78,85.3,No,Normal,No
SCR-00790,Burkina Faso,Nord,UNICEF,2024-11-02,20,M,9.8,8.62,66.1,No,SAM,Yes
SCR-00791,Mali,Mopti,IRC,2023-08-26,39,F,8.1,7.99,64.8,No,SAM,No
SCR-00792,Chad,Borkou,IRC,2023-05-03,57,M,16.0,3.71,62.2,No,Normal,No
SCR-00793,Burkina Faso,Nord,WFP,2023-11-22,18,F,11.2,10.06,62.6,No,SAM,No
SCR-00794,Chad,Borkou,ACF,2024-09-20,28,M,12.8,11.94,89.7,No,Normal,No
SCR-00795,Mali,Segou,ACF,2023-02-28,43,F,14.3,10.67,85.8,No,Normal,No
SCR-00796,Niger,Niamey,SPONG,2024-07-29,46,F,10.2,4.49,97.6,No,SAM,Yes
SCR-00797,Mali,Mopti,WFP,2024-02-29,50,F,11.6,5.12,81.4,No,MAM,Yes
SCR-00798,Chad,N'Djamena,ACF,2024-11-18,34,M,14.9,9.0,76.1,No,Normal,No
SCR-00799,Mali,Segou,UNICEF,2024-10-20,29,M,9.9,10.95,68.0,No,SAM,Yes
SCR-00800,Mali,Tombouctou,SPONG,2023-09-26,32,M,11.8,8.99,90.1,No,MAM,Yes
